uid	run	experiment	study	study_name	sample	bioproject	biosample	submitter	library_strategy	library_source	layout	platform	instrument	total_bases	est_depth	organism	title
46789691	DRR971114	DRX948749	DRP016783	rice ZH11 ems4611  database (PRJCA020505)	DRS635056	PRJDB38331	SAMD01760641	DRA026964	WGS	GENOMIC	PAIRED	ILLUMINA	HiSeq X Ten	4064809800	10.84	Oryza sativa	B1674 (CRX842160)
46789116	DRR970677	DRX948312	DRP016783	rice ZH11 ems4611  database (PRJCA020505)	DRS634619	PRJDB38331	SAMD01760204	DRA026964	WGS	GENOMIC	PAIRED	ILLUMINA	HiSeq X Ten	4025187000	10.73	Oryza sativa	B1139 (CRX841723)
46786210	DRR968212	DRX945847	DRP016783	rice ZH11 ems4611  database (PRJCA020505)	DRS632154	PRJDB38331	SAMD01757739	DRA026964	WGS	GENOMIC	PAIRED	ILLUMINA	HiSeq X Ten	4082452500	10.89	Oryza sativa	A1065 (CRX839258)
46784982	DRR968752	DRX946387	DRP016783	rice ZH11 ems4611  database (PRJCA020505)	DRS632694	PRJDB38331	SAMD01758279	DRA026964	WGS	GENOMIC	PAIRED	ILLUMINA	HiSeq X Ten	4698285000	12.53	Oryza sativa	A169 (CRX839798)
46782333	DRR969916	DRX947551	DRP016783	rice ZH11 ems4611  database (PRJCA020505)	DRS633858	PRJDB38331	SAMD01759443	DRA026964	WGS	GENOMIC	PAIRED	ILLUMINA	HiSeq X Ten	4987239000	13.3	Oryza sativa	A3066 (CRX840962)
46763989	DRR970278	DRX947913	DRP016783	rice ZH11 ems4611  database (PRJCA020505)	DRS634220	PRJDB38331	SAMD01759805	DRA026964	WGS	GENOMIC	PAIRED	ILLUMINA	HiSeq X Ten	4329076200	11.54	Oryza sativa	A661 (CRX841324)
46763988	DRR968675	DRX946310	DRP016783	rice ZH11 ems4611  database (PRJCA020505)	DRS632617	PRJDB38331	SAMD01758202	DRA026964	WGS	GENOMIC	PAIRED	ILLUMINA	HiSeq X Ten	3738416400	9.97	Oryza sativa	A1603 (CRX839721)
46762469	DRR968921	DRX946556	DRP016783	rice ZH11 ems4611  database (PRJCA020505)	DRS632863	PRJDB38331	SAMD01758448	DRA026964	WGS	GENOMIC	PAIRED	ILLUMINA	HiSeq X Ten	4771037100	12.72	Oryza sativa	A1942 (CRX839967)
46762468	DRR971603	DRX949238	DRP016783	rice ZH11 ems4611  database (PRJCA020505)	DRS635545	PRJDB38331	SAMD01761130	DRA026964	WGS	GENOMIC	PAIRED	ILLUMINA	HiSeq X Ten	4349210700	11.6	Oryza sativa	B2164 (CRX842649)
46759866	SRR40665722	SRX35240401	SRP736545	Whole-genome sequencing for QTL-seq analysis of rice allelopathy	SRS30735894	PRJNA1529311	SAMN63138072	SRA2540690	WGS	GENOMIC	PAIRED	ILLUMINA	NextSeq 1000	12424366070	33.13	Oryza sativa	Pooled DNA bulks of rice: Sathi  Nongan-derived RIL population
46759865	SRR40665723	SRX35240400	SRP736545	Whole-genome sequencing for QTL-seq analysis of rice allelopathy	SRS30735893	PRJNA1529311	SAMN63138071	SRA2540690	WGS	GENOMIC	PAIRED	ILLUMINA	NextSeq 1000	10814499502	28.84	Oryza sativa	Pooled DNA bulks of rice: Sathi  Nongan-derived RIL population
46753519	DRR972118	DRX949753	DRP016783	rice ZH11 ems4611  database (PRJCA020505)	DRS636060	PRJDB38331	SAMD01761645	DRA026964	WGS	GENOMIC	PAIRED	ILLUMINA	HiSeq X Ten	3864801300	10.31	Oryza sativa	B2791 (CRX843164)
46753518	DRR968835	DRX946470	DRP016783	rice ZH11 ems4611  database (PRJCA020505)	DRS632777	PRJDB38331	SAMD01758362	DRA026964	WGS	GENOMIC	PAIRED	ILLUMINA	HiSeq X Ten	6082640400	16.22	Oryza sativa	A1830 (CRX839881)
46747095	DRR971563	DRX949198	DRP016783	rice ZH11 ems4611  database (PRJCA020505)	DRS635505	PRJDB38331	SAMD01761090	DRA026964	WGS	GENOMIC	PAIRED	ILLUMINA	HiSeq X Ten	3249800100	8.67	Oryza sativa	B2121 (CRX842609)
46745478	DRR971415	DRX949050	DRP016783	rice ZH11 ems4611  database (PRJCA020505)	DRS635357	PRJDB38331	SAMD01760942	DRA026964	WGS	GENOMIC	PAIRED	ILLUMINA	HiSeq X Ten	4309473900	11.49	Oryza sativa	B1973 (CRX842461)
46743855	DRR970400	DRX948035	DRP016783	rice ZH11 ems4611  database (PRJCA020505)	DRS634342	PRJDB38331	SAMD01759927	DRA026964	WGS	GENOMIC	PAIRED	ILLUMINA	HiSeq X Ten	4444469100	11.85	Oryza sativa	A802 (CRX841446)
46743852	DRR969069	DRX946704	DRP016783	rice ZH11 ems4611  database (PRJCA020505)	DRS633011	PRJDB38331	SAMD01758596	DRA026964	WGS	GENOMIC	PAIRED	ILLUMINA	HiSeq X Ten	5175518700	13.8	Oryza sativa	A2110 (CRX840115)
46735277	DRR968378	DRX946013	DRP016783	rice ZH11 ems4611  database (PRJCA020505)	DRS632320	PRJDB38331	SAMD01757905	DRA026964	WGS	GENOMIC	PAIRED	ILLUMINA	HiSeq X Ten	6508607400	17.36	Oryza sativa	A1240 (CRX839424)
46733152	DRR972101	DRX949736	DRP016783	rice ZH11 ems4611  database (PRJCA020505)	DRS636043	PRJDB38331	SAMD01761628	DRA026964	WGS	GENOMIC	PAIRED	ILLUMINA	HiSeq X Ten	3237815400	8.63	Oryza sativa	B2774 (CRX843147)
46732451	DRR969485	DRX947120	DRP016783	rice ZH11 ems4611  database (PRJCA020505)	DRS633427	PRJDB38331	SAMD01759012	DRA026964	WGS	GENOMIC	PAIRED	ILLUMINA	HiSeq X Ten	5293054200	14.11	Oryza sativa	A256 (CRX840531)
46732029	DRR970562	DRX948197	DRP016783	rice ZH11 ems4611  database (PRJCA020505)	DRS634504	PRJDB38331	SAMD01760089	DRA026964	WGS	GENOMIC	PAIRED	ILLUMINA	HiSeq X Ten	5108930100	13.62	Oryza sativa	A996 (CRX841608)
46725761	DRR968979	DRX946614	DRP016783	rice ZH11 ems4611  database (PRJCA020505)	DRS632921	PRJDB38331	SAMD01758506	DRA026964	WGS	GENOMIC	PAIRED	ILLUMINA	HiSeq X Ten	4376084400	11.67	Oryza sativa	A201 (CRX840025)
46725760	DRR970691	DRX948326	DRP016783	rice ZH11 ems4611  database (PRJCA020505)	DRS634633	PRJDB38331	SAMD01760218	DRA026964	WGS	GENOMIC	PAIRED	ILLUMINA	HiSeq X Ten	5259112200	14.02	Oryza sativa	B1157 (CRX841737)
46717829	DRR968569	DRX946204	DRP016783	rice ZH11 ems4611  database (PRJCA020505)	DRS632511	PRJDB38331	SAMD01758096	DRA026964	WGS	GENOMIC	PAIRED	ILLUMINA	HiSeq X Ten	3832733100	10.22	Oryza sativa	A1490 (CRX839615)
46716565	DRR969717	DRX947352	DRP016783	rice ZH11 ems4611  database (PRJCA020505)	DRS633659	PRJDB38331	SAMD01759244	DRA026964	WGS	GENOMIC	PAIRED	ILLUMINA	HiSeq X Ten	4800912600	12.8	Oryza sativa	A283 (CRX840763)
46712718	DRR969568	DRX947203	DRP016783	rice ZH11 ems4611  database (PRJCA020505)	DRS633510	PRJDB38331	SAMD01759095	DRA026964	WGS	GENOMIC	PAIRED	ILLUMINA	HiSeq X Ten	5951861100	15.87	Oryza sativa	A2661 (CRX840614)
46711643	DRR971193	DRX948828	DRP016783	rice ZH11 ems4611  database (PRJCA020505)	DRS635135	PRJDB38331	SAMD01760720	DRA026964	WGS	GENOMIC	PAIRED	ILLUMINA	HiSeq X Ten	5353261200	14.28	Oryza sativa	B1751 (CRX842239)
46711642	DRR969233	DRX946868	DRP016783	rice ZH11 ems4611  database (PRJCA020505)	DRS633175	PRJDB38331	SAMD01758760	DRA026964	WGS	GENOMIC	PAIRED	ILLUMINA	HiSeq X Ten	4837903496	12.9	Oryza sativa	A2294 (CRX840279)
46711641	DRR971417	DRX949052	DRP016783	rice ZH11 ems4611  database (PRJCA020505)	DRS635359	PRJDB38331	SAMD01760944	DRA026964	WGS	GENOMIC	PAIRED	ILLUMINA	HiSeq X Ten	4268997300	11.38	Oryza sativa	B1975 (CRX842463)
46710609	DRR968895	DRX946530	DRP016783	rice ZH11 ems4611  database (PRJCA020505)	DRS632837	PRJDB38331	SAMD01758422	DRA026964	WGS	GENOMIC	PAIRED	ILLUMINA	HiSeq X Ten	4130062800	11.01	Oryza sativa	A1904 (CRX839941)
46710608	DRR969405	DRX947040	DRP016783	rice ZH11 ems4611  database (PRJCA020505)	DRS633347	PRJDB38331	SAMD01758932	DRA026964	WGS	GENOMIC	PAIRED	ILLUMINA	HiSeq X Ten	3835604100	10.23	Oryza sativa	A2485 (CRX840451)
46710604	DRR969169	DRX946804	DRP016783	rice ZH11 ems4611  database (PRJCA020505)	DRS633111	PRJDB38331	SAMD01758696	DRA026964	WGS	GENOMIC	PAIRED	ILLUMINA	HiSeq X Ten	7032845700	18.75	Oryza sativa	A2225 (CRX840215)
46708226	DRR971756	DRX949391	DRP016783	rice ZH11 ems4611  database (PRJCA020505)	DRS635698	PRJDB38331	SAMD01761283	DRA026964	WGS	GENOMIC	PAIRED	ILLUMINA	HiSeq X Ten	4384414200	11.69	Oryza sativa	B2358 (CRX842802)
46698797	DRR968998	DRX946633	DRP016783	rice ZH11 ems4611  database (PRJCA020505)	DRS632940	PRJDB38331	SAMD01758525	DRA026964	WGS	GENOMIC	PAIRED	ILLUMINA	HiSeq X Ten	8239762200	21.97	Oryza sativa	A2038 (CRX840044)
46692632	DRR970343	DRX947978	DRP016783	rice ZH11 ems4611  database (PRJCA020505)	DRS634285	PRJDB38331	SAMD01759870	DRA026964	WGS	GENOMIC	PAIRED	ILLUMINA	HiSeq X Ten	6034100700	16.09	Oryza sativa	A730 (CRX841389)
46692631	DRR968936	DRX946571	DRP016783	rice ZH11 ems4611  database (PRJCA020505)	DRS632878	PRJDB38331	SAMD01758463	DRA026964	WGS	GENOMIC	PAIRED	ILLUMINA	HiSeq X Ten	4047892800	10.79	Oryza sativa	A1962 (CRX839982)
46691648	DRR971267	DRX948902	DRP016783	rice ZH11 ems4611  database (PRJCA020505)	DRS635209	PRJDB38331	SAMD01760794	DRA026964	WGS	GENOMIC	PAIRED	ILLUMINA	HiSeq X Ten	4795479000	12.79	Oryza sativa	B1825 (CRX842313)
46691647	DRR970823	DRX948458	DRP016783	rice ZH11 ems4611  database (PRJCA020505)	DRS634765	PRJDB38331	SAMD01760350	DRA026964	WGS	GENOMIC	PAIRED	ILLUMINA	HiSeq X Ten	4212165000	11.23	Oryza sativa	B1322 (CRX841869)
46684027	DRR972203	DRX949838	DRP016783	rice ZH11 ems4611  database (PRJCA020505)	DRS636145	PRJDB38331	SAMD01761730	DRA026964	WGS	GENOMIC	PAIRED	ILLUMINA	HiSeq X Ten	4263282900	11.37	Oryza sativa	B2880 (CRX843249)
46681012	DRR972428	DRX950063	DRP016783	rice ZH11 ems4611  database (PRJCA020505)	DRS636370	PRJDB38331	SAMD01761955	DRA026964	WGS	GENOMIC	PAIRED	ILLUMINA	HiSeq X Ten	5201902500	13.87	Oryza sativa	B467 (CRX843474)
46681011	DRR968749	DRX946384	DRP016783	rice ZH11 ems4611  database (PRJCA020505)	DRS632691	PRJDB38331	SAMD01758276	DRA026964	WGS	GENOMIC	PAIRED	ILLUMINA	HiSeq X Ten	4347585000	11.59	Oryza sativa	A1693 (CRX839795)
46681010	DRR969656	DRX947291	DRP016783	rice ZH11 ems4611  database (PRJCA020505)	DRS633598	PRJDB38331	SAMD01759183	DRA026964	WGS	GENOMIC	PAIRED	ILLUMINA	HiSeq X Ten	7629169800	20.34	Oryza sativa	A2775 (CRX840702)
46679623	DRR969894	DRX947529	DRP016783	rice ZH11 ems4611  database (PRJCA020505)	DRS633836	PRJDB38331	SAMD01759421	DRA026964	WGS	GENOMIC	PAIRED	ILLUMINA	HiSeq X Ten	3491870100	9.31	Oryza sativa	A3043 (CRX840940)
46673746	DRR969544	DRX947179	DRP016783	rice ZH11 ems4611  database (PRJCA020505)	DRS633486	PRJDB38331	SAMD01759071	DRA026964	WGS	GENOMIC	PAIRED	ILLUMINA	HiSeq X Ten	3546415200	9.46	Oryza sativa	A2637 (CRX840590)
46671783	DRR969983	DRX947618	DRP016783	rice ZH11 ems4611  database (PRJCA020505)	DRS633925	PRJDB38331	SAMD01759510	DRA026964	WGS	GENOMIC	PAIRED	ILLUMINA	HiSeq X Ten	4160584800	11.09	Oryza sativa	A3168 (CRX841029)
46671782	DRR968494	DRX946129	DRP016783	rice ZH11 ems4611  database (PRJCA020505)	DRS632436	PRJDB38331	SAMD01758021	DRA026964	WGS	GENOMIC	PAIRED	ILLUMINA	HiSeq X Ten	4099796400	10.93	Oryza sativa	A1396 (CRX839540)
46671781	DRR968280	DRX945915	DRP016783	rice ZH11 ems4611  database (PRJCA020505)	DRS632222	PRJDB38331	SAMD01757807	DRA026964	WGS	GENOMIC	PAIRED	ILLUMINA	HiSeq X Ten	4290325800	11.44	Oryza sativa	A1139 (CRX839326)
46671094	DRR972185	DRX949820	DRP016783	rice ZH11 ems4611  database (PRJCA020505)	DRS636127	PRJDB38331	SAMD01761712	DRA026964	WGS	GENOMIC	PAIRED	ILLUMINA	HiSeq X Ten	4556350500	12.15	Oryza sativa	B2862 (CRX843231)
46671093	DRR970028	DRX947663	DRP016783	rice ZH11 ems4611  database (PRJCA020505)	DRS633970	PRJDB38331	SAMD01759555	DRA026964	WGS	GENOMIC	PAIRED	ILLUMINA	HiSeq X Ten	3747956100	9.99	Oryza sativa	A3215 (CRX841074)
46654824	DRR969589	DRX947224	DRP016783	rice ZH11 ems4611  database (PRJCA020505)	DRS633531	PRJDB38331	SAMD01759116	DRA026964	WGS	GENOMIC	PAIRED	ILLUMINA	HiSeq X Ten	5991868200	15.98	Oryza sativa	A2687 (CRX840635)
46651814	DRR971260	DRX948895	DRP016783	rice ZH11 ems4611  database (PRJCA020505)	DRS635202	PRJDB38331	SAMD01760787	DRA026964	WGS	GENOMIC	PAIRED	ILLUMINA	HiSeq X Ten	7251624600	19.34	Oryza sativa	B1818 (CRX842306)
46647443	DRR968239	DRX945874	DRP016783	rice ZH11 ems4611  database (PRJCA020505)	DRS632181	PRJDB38331	SAMD01757766	DRA026964	WGS	GENOMIC	PAIRED	ILLUMINA	HiSeq X Ten	3925761900	10.47	Oryza sativa	A1097 (CRX839285)
46647442	DRR971988	DRX949623	DRP016783	rice ZH11 ems4611  database (PRJCA020505)	DRS635930	PRJDB38331	SAMD01761515	DRA026964	WGS	GENOMIC	PAIRED	ILLUMINA	HiSeq X Ten	5284946400	14.09	Oryza sativa	B2650 (CRX843034)
46639917	DRR969906	DRX947541	DRP016783	rice ZH11 ems4611  database (PRJCA020505)	DRS633848	PRJDB38331	SAMD01759433	DRA026964	WGS	GENOMIC	PAIRED	ILLUMINA	HiSeq X Ten	3331229400	8.88	Oryza sativa	A3056 (CRX840952)
46639916	DRR972487	DRX950122	DRP016783	rice ZH11 ems4611  database (PRJCA020505)	DRS636429	PRJDB38331	SAMD01762014	DRA026964	WGS	GENOMIC	PAIRED	ILLUMINA	HiSeq X Ten	3552760800	9.47	Oryza sativa	B530 (CRX843533)
46627270	DRR972131	DRX949766	DRP016783	rice ZH11 ems4611  database (PRJCA020505)	DRS636073	PRJDB38331	SAMD01761658	DRA026964	WGS	GENOMIC	PAIRED	ILLUMINA	HiSeq X Ten	3383283600	9.02	Oryza sativa	B2803 (CRX843177)
46626301	DRR971350	DRX948985	DRP016783	rice ZH11 ems4611  database (PRJCA020505)	DRS635292	PRJDB38331	SAMD01760877	DRA026964	WGS	GENOMIC	PAIRED	ILLUMINA	HiSeq X Ten	3749601000	10.0	Oryza sativa	B1909 (CRX842396)
46624562	DRR969528	DRX947163	DRP016783	rice ZH11 ems4611  database (PRJCA020505)	DRS633470	PRJDB38331	SAMD01759055	DRA026964	WGS	GENOMIC	PAIRED	ILLUMINA	HiSeq X Ten	4393412100	11.72	Oryza sativa	A2619 (CRX840574)
46624284	DRR971980	DRX949615	DRP016783	rice ZH11 ems4611  database (PRJCA020505)	DRS635922	PRJDB38331	SAMD01761507	DRA026964	WGS	GENOMIC	PAIRED	ILLUMINA	HiSeq X Ten	4043813700	10.78	Oryza sativa	B2642 (CRX843026)
46614856	DRR969793	DRX947428	DRP016783	rice ZH11 ems4611  database (PRJCA020505)	DRS633735	PRJDB38331	SAMD01759320	DRA026964	WGS	GENOMIC	PAIRED	ILLUMINA	HiSeq X Ten	3171525300	8.46	Oryza sativa	A2919 (CRX840839)
46614266	DRR969642	DRX947277	DRP016783	rice ZH11 ems4611  database (PRJCA020505)	DRS633584	PRJDB38331	SAMD01759169	DRA026964	WGS	GENOMIC	PAIRED	ILLUMINA	HiSeq X Ten	4158301800	11.09	Oryza sativa	A2760 (CRX840688)
46614265	DRR971286	DRX948921	DRP016783	rice ZH11 ems4611  database (PRJCA020505)	DRS635228	PRJDB38331	SAMD01760813	DRA026964	WGS	GENOMIC	PAIRED	ILLUMINA	HiSeq X Ten	5266582200	14.04	Oryza sativa	B1844 (CRX842332)
46612272	DRR972436	DRX950071	DRP016783	rice ZH11 ems4611  database (PRJCA020505)	DRS636378	PRJDB38331	SAMD01761963	DRA026964	WGS	GENOMIC	PAIRED	ILLUMINA	HiSeq X Ten	4449551400	11.87	Oryza sativa	B474 (CRX843482)
46612271	DRR970836	DRX948471	DRP016783	rice ZH11 ems4611  database (PRJCA020505)	DRS634778	PRJDB38331	SAMD01760363	DRA026964	WGS	GENOMIC	PAIRED	ILLUMINA	HiSeq X Ten	5017368300	13.38	Oryza sativa	B1336 (CRX841882)
46612270	DRR969842	DRX947477	DRP016783	rice ZH11 ems4611  database (PRJCA020505)	DRS633784	PRJDB38331	SAMD01759369	DRA026964	WGS	GENOMIC	PAIRED	ILLUMINA	HiSeq X Ten	4606920600	12.29	Oryza sativa	A2972 (CRX840888)
46612269	DRR970881	DRX948516	DRP016783	rice ZH11 ems4611  database (PRJCA020505)	DRS634823	PRJDB38331	SAMD01760408	DRA026964	WGS	GENOMIC	PAIRED	ILLUMINA	HiSeq X Ten	5707296600	15.22	Oryza sativa	B1387 (CRX841927)
46611292	DRR970502	DRX948137	DRP016783	rice ZH11 ems4611  database (PRJCA020505)	DRS634444	PRJDB38331	SAMD01760029	DRA026964	WGS	GENOMIC	PAIRED	ILLUMINA	HiSeq X Ten	6521331900	17.39	Oryza sativa	A939 (CRX841548)
46602696	DRR970840	DRX948475	DRP016783	rice ZH11 ems4611  database (PRJCA020505)	DRS634782	PRJDB38331	SAMD01760367	DRA026964	WGS	GENOMIC	PAIRED	ILLUMINA	HiSeq X Ten	4925259000	13.13	Oryza sativa	B1342 (CRX841886)
46601654	DRR1066335	DRX1041934	DRP019500	Resequence data for Koshihikari	DRS773070	PRJDB40536	SAMD01933344	DRA029218	WGS	GENOMIC	SINGLE	OXFORD_NANOPORE	PromethION	4111016097	10.96	Oryza sativa Japonica Group	PromethION sequencing of SAMD01933344
46601653	DRR1066334	DRX1041933	DRP019500	Resequence data for Koshihikari	DRS773069	PRJDB40536	SAMD01933343	DRA029218	WGS	GENOMIC	SINGLE	OXFORD_NANOPORE	PromethION	4553383741	12.14	Oryza sativa Japonica Group	PromethION sequencing of SAMD01933343
46601652	DRR1066333	DRX1041932	DRP019500	Resequence data for Koshihikari	DRS773068	PRJDB40536	SAMD01933342	DRA029218	WGS	GENOMIC	SINGLE	OXFORD_NANOPORE	PromethION	7446415629	19.86	Oryza sativa Japonica Group	PromethION sequencing of SAMD01933342
46601651	DRR1066332	DRX1041931	DRP019500	Resequence data for Koshihikari	DRS773067	PRJDB40536	SAMD01933341	DRA029218	WGS	GENOMIC	SINGLE	OXFORD_NANOPORE	PromethION	8875236751	23.67	Oryza sativa Japonica Group	PromethION sequencing of SAMD01933341
46601650	DRR1066331	DRX1041930	DRP019500	Resequence data for Koshihikari	DRS773066	PRJDB40536	SAMD01933340	DRA029218	WGS	GENOMIC	SINGLE	OXFORD_NANOPORE	PromethION	5244345352	13.98	Oryza sativa Japonica Group	PromethION sequencing of SAMD01933340
46601649	DRR1066330	DRX1041929	DRP019500	Resequence data for Koshihikari	DRS773168	PRJDB40536	SAMD01933338	DRA029217	WGS	GENOMIC	PAIRED	DNBSEQ	DNBSEQ-T7	28356948000	75.62	Oryza sativa Japonica Group	DNBSEQ-T7 paired end sequencing of SAMD01933338
46601648	DRR1066329	DRX1041928	DRP019500	Resequence data for Koshihikari	DRS773167	PRJDB40536	SAMD01933337	DRA029217	WGS	GENOMIC	PAIRED	DNBSEQ	DNBSEQ-T7	24345805800	64.92	Oryza sativa Japonica Group	DNBSEQ-T7 paired end sequencing of SAMD01933337
46601647	DRR1066328	DRX1041927	DRP019500	Resequence data for Koshihikari	DRS773166	PRJDB40536	SAMD01933336	DRA029217	WGS	GENOMIC	PAIRED	DNBSEQ	DNBSEQ-T7	25329203400	67.54	Oryza sativa Japonica Group	DNBSEQ-T7 paired end sequencing of SAMD01933336
46601646	DRR1066327	DRX1041926	DRP019500	Resequence data for Koshihikari	DRS773165	PRJDB40536	SAMD01933335	DRA029217	WGS	GENOMIC	PAIRED	DNBSEQ	DNBSEQ-T7	26858672400	71.62	Oryza sativa Japonica Group	DNBSEQ-T7 paired end sequencing of SAMD01933335
46601645	DRR1066326	DRX1041925	DRP019500	Resequence data for Koshihikari	DRS773164	PRJDB40536	SAMD01933334	DRA029217	WGS	GENOMIC	PAIRED	DNBSEQ	DNBSEQ-T7	23792177400	63.45	Oryza sativa Japonica Group	DNBSEQ-T7 paired end sequencing of SAMD01933334
46601644	DRR748486	DRX728413	DRP019510	Resequence data for Koshihikari	DRS773215	PRJDB37565	SAMD01686072	DRA022524	WGS	GENOMIC	PAIRED	ILLUMINA	Illumina HiSeq X	27808591652	74.16	Oryza sativa Japonica Group	Illumina HiSeq X paired end sequencing of SAMD01686072
46601643	DRR748485	DRX728412	DRP019510	Resequence data for Koshihikari	DRS773214	PRJDB37565	SAMD01686071	DRA022524	WGS	GENOMIC	PAIRED	ILLUMINA	Illumina HiSeq X	27639087046	73.7	Oryza sativa Japonica Group	Illumina HiSeq X paired end sequencing of SAMD01686071
46601642	DRR748484	DRX728411	DRP019510	Resequence data for Koshihikari	DRS773213	PRJDB37565	SAMD01686070	DRA022524	WGS	GENOMIC	PAIRED	ILLUMINA	Illumina HiSeq X	31609958933	84.29	Oryza sativa Japonica Group	Illumina HiSeq X paired end sequencing of SAMD01686070
46601641	DRR748483	DRX728410	DRP019510	Resequence data for Koshihikari	DRS773212	PRJDB37565	SAMD01686069	DRA022524	WGS	GENOMIC	PAIRED	ILLUMINA	Illumina HiSeq X	20980081969	55.95	Oryza sativa Japonica Group	Illumina HiSeq X paired end sequencing of SAMD01686069
46601640	DRR748482	DRX728409	DRP019510	Resequence data for Koshihikari	DRS773211	PRJDB37565	SAMD01686068	DRA022524	WGS	GENOMIC	PAIRED	ILLUMINA	Illumina HiSeq X	35353948913	94.28	Oryza sativa Japonica Group	Illumina HiSeq X paired end sequencing of SAMD01686068
46601639	DRR748481	DRX728408	DRP019510	Resequence data for Koshihikari	DRS773210	PRJDB37565	SAMD01686067	DRA022524	WGS	GENOMIC	PAIRED	ILLUMINA	Illumina HiSeq X	35013289145	93.37	Oryza sativa Japonica Group	Illumina HiSeq X paired end sequencing of SAMD01686067
46601638	DRR748480	DRX728407	DRP019510	Resequence data for Koshihikari	DRS773209	PRJDB37565	SAMD01686066	DRA022524	WGS	GENOMIC	PAIRED	ILLUMINA	Illumina HiSeq X	37144687737	99.05	Oryza sativa Japonica Group	Illumina HiSeq X paired end sequencing of SAMD01686066
46601637	DRR748479	DRX728406	DRP019510	Resequence data for Koshihikari	DRS773208	PRJDB37565	SAMD01686065	DRA022524	WGS	GENOMIC	PAIRED	ILLUMINA	Illumina HiSeq X	38418444158	102.45	Oryza sativa Japonica Group	Illumina HiSeq X paired end sequencing of SAMD01686065
46601636	DRR748478	DRX728405	DRP019510	Resequence data for Koshihikari	DRS773207	PRJDB37565	SAMD01686064	DRA022524	WGS	GENOMIC	PAIRED	ILLUMINA	Illumina HiSeq X	37972288537	101.26	Oryza sativa Japonica Group	Illumina HiSeq X paired end sequencing of SAMD01686064
46601635	DRR748477	DRX728404	DRP019510	Resequence data for Koshihikari	DRS773206	PRJDB37565	SAMD01686063	DRA022524	WGS	GENOMIC	PAIRED	ILLUMINA	Illumina HiSeq X	37456271916	99.88	Oryza sativa Japonica Group	Illumina HiSeq X paired end sequencing of SAMD01686063
46601634	DRR748476	DRX728403	DRP019510	Resequence data for Koshihikari	DRS773205	PRJDB37565	SAMD01686062	DRA022524	WGS	GENOMIC	PAIRED	ILLUMINA	Illumina HiSeq X	26085849988	69.56	Oryza sativa Japonica Group	Illumina HiSeq X paired end sequencing of SAMD01686062
46601633	DRR748475	DRX728402	DRP019510	Resequence data for Koshihikari	DRS773204	PRJDB37565	SAMD01686061	DRA022524	WGS	GENOMIC	PAIRED	ILLUMINA	Illumina HiSeq X	23252510084	62.01	Oryza sativa Japonica Group	Illumina HiSeq X paired end sequencing of SAMD01686061
46601632	DRR748474	DRX728401	DRP019510	Resequence data for Koshihikari	DRS773203	PRJDB37565	SAMD01686060	DRA022524	WGS	GENOMIC	PAIRED	ILLUMINA	Illumina HiSeq X	37802566821	100.81	Oryza sativa Japonica Group	Illumina HiSeq X paired end sequencing of SAMD01686060
46601631	DRR748473	DRX728400	DRP019510	Resequence data for Koshihikari	DRS773202	PRJDB37565	SAMD01686059	DRA022524	WGS	GENOMIC	PAIRED	ILLUMINA	Illumina HiSeq X	37899260241	101.06	Oryza sativa Japonica Group	Illumina HiSeq X paired end sequencing of SAMD01686059
46601630	DRR748472	DRX728399	DRP019510	Resequence data for Koshihikari	DRS773201	PRJDB37565	SAMD01686058	DRA022524	WGS	GENOMIC	PAIRED	ILLUMINA	Illumina HiSeq X	36851268325	98.27	Oryza sativa Japonica Group	Illumina HiSeq X paired end sequencing of SAMD01686058
46601629	DRR748471	DRX728398	DRP019510	Resequence data for Koshihikari	DRS773200	PRJDB37565	SAMD01686057	DRA022524	WGS	GENOMIC	PAIRED	ILLUMINA	Illumina HiSeq X	22818067227	60.85	Oryza sativa Japonica Group	Illumina HiSeq X paired end sequencing of SAMD01686057
46601628	DRR748470	DRX728397	DRP019510	Resequence data for Koshihikari	DRS773199	PRJDB37565	SAMD01686056	DRA022524	WGS	GENOMIC	PAIRED	ILLUMINA	Illumina HiSeq X	27034863159	72.09	Oryza sativa Japonica Group	Illumina HiSeq X paired end sequencing of SAMD01686056
46601627	DRR748469	DRX728396	DRP019510	Resequence data for Koshihikari	DRS773198	PRJDB37565	SAMD01686055	DRA022524	WGS	GENOMIC	PAIRED	ILLUMINA	Illumina HiSeq X	33312574927	88.83	Oryza sativa Japonica Group	Illumina HiSeq X paired end sequencing of SAMD01686055
46601626	DRR748468	DRX728395	DRP019510	Resequence data for Koshihikari	DRS773197	PRJDB37565	SAMD01686054	DRA022524	WGS	GENOMIC	PAIRED	ILLUMINA	Illumina HiSeq X	22771179477	60.72	Oryza sativa Japonica Group	Illumina HiSeq X paired end sequencing of SAMD01686054
46601625	DRR748467	DRX728394	DRP019510	Resequence data for Koshihikari	DRS773196	PRJDB37565	SAMD01686053	DRA022524	WGS	GENOMIC	PAIRED	ILLUMINA	Illumina HiSeq X	18355807354	48.95	Oryza sativa Japonica Group	Illumina HiSeq X paired end sequencing of SAMD01686053
46601624	DRR748466	DRX728393	DRP019510	Resequence data for Koshihikari	DRS773195	PRJDB37565	SAMD01686052	DRA022524	WGS	GENOMIC	PAIRED	ILLUMINA	Illumina HiSeq X	28916358998	77.11	Oryza sativa Japonica Group	Illumina HiSeq X paired end sequencing of SAMD01686052
46601623	DRR748465	DRX728392	DRP019510	Resequence data for Koshihikari	DRS773194	PRJDB37565	SAMD01686051	DRA022524	WGS	GENOMIC	PAIRED	ILLUMINA	Illumina HiSeq X	41700859973	111.2	Oryza sativa Japonica Group	Illumina HiSeq X paired end sequencing of SAMD01686051
46601622	DRR748464	DRX728391	DRP019510	Resequence data for Koshihikari	DRS773193	PRJDB37565	SAMD01686050	DRA022524	WGS	GENOMIC	PAIRED	ILLUMINA	Illumina HiSeq X	32456772239	86.55	Oryza sativa Japonica Group	Illumina HiSeq X paired end sequencing of SAMD01686050
46601621	DRR748463	DRX728390	DRP019510	Resequence data for Koshihikari	DRS773192	PRJDB37565	SAMD01686049	DRA022524	WGS	GENOMIC	PAIRED	ILLUMINA	Illumina HiSeq X	30796576307	82.12	Oryza sativa Japonica Group	Illumina HiSeq X paired end sequencing of SAMD01686049
46601620	DRR748462	DRX728389	DRP019510	Resequence data for Koshihikari	DRS773191	PRJDB37565	SAMD01686048	DRA022524	WGS	GENOMIC	PAIRED	ILLUMINA	Illumina HiSeq X	30382181027	81.02	Oryza sativa Japonica Group	Illumina HiSeq X paired end sequencing of SAMD01686048
46601619	DRR748461	DRX728388	DRP019510	Resequence data for Koshihikari	DRS773190	PRJDB37565	SAMD01686047	DRA022524	WGS	GENOMIC	PAIRED	ILLUMINA	Illumina HiSeq X	29210010640	77.89	Oryza sativa Japonica Group	Illumina HiSeq X paired end sequencing of SAMD01686047
46601618	DRR748460	DRX728387	DRP019510	Resequence data for Koshihikari	DRS773189	PRJDB37565	SAMD01686046	DRA022524	WGS	GENOMIC	PAIRED	ILLUMINA	Illumina HiSeq X	29697881720	79.19	Oryza sativa Japonica Group	Illumina HiSeq X paired end sequencing of SAMD01686046
46601617	DRR748459	DRX728386	DRP019510	Resequence data for Koshihikari	DRS773188	PRJDB37565	SAMD01686045	DRA022524	WGS	GENOMIC	PAIRED	ILLUMINA	Illumina HiSeq X	27735677212	73.96	Oryza sativa Japonica Group	Illumina HiSeq X paired end sequencing of SAMD01686045
46601616	DRR748458	DRX728385	DRP019510	Resequence data for Koshihikari	DRS773187	PRJDB37565	SAMD01686044	DRA022524	WGS	GENOMIC	PAIRED	ILLUMINA	Illumina HiSeq X	32288079748	86.1	Oryza sativa Japonica Group	Illumina HiSeq X paired end sequencing of SAMD01686044
46601615	DRR748457	DRX728384	DRP019510	Resequence data for Koshihikari	DRS773186	PRJDB37565	SAMD01686043	DRA022524	WGS	GENOMIC	PAIRED	ILLUMINA	Illumina HiSeq X	35654217024	95.08	Oryza sativa Japonica Group	Illumina HiSeq X paired end sequencing of SAMD01686043
46601614	DRR748456	DRX728383	DRP019510	Resequence data for Koshihikari	DRS773185	PRJDB37565	SAMD01686042	DRA022524	WGS	GENOMIC	PAIRED	ILLUMINA	Illumina HiSeq X	22678131111	60.48	Oryza sativa Japonica Group	Illumina HiSeq X paired end sequencing of SAMD01686042
46601590	DRR1065664	DRX1041263	DRP019500	Resequence data for Koshihikari	DRS773357	PRJDB40536	SAMD01828612	DRA029184	WGS	GENOMIC	PAIRED	ILLUMINA	HiSeq X Ten	32605428129	86.95	Oryza sativa Japonica Group	HiSeq X Ten paired end sequencing of SAMD01828612
46601589	DRR1065663	DRX1041262	DRP019500	Resequence data for Koshihikari	DRS773356	PRJDB40536	SAMD01828611	DRA029184	WGS	GENOMIC	PAIRED	ILLUMINA	HiSeq X Ten	29575438598	78.87	Oryza sativa Japonica Group	HiSeq X Ten paired end sequencing of SAMD01828611
46601588	DRR1065662	DRX1041261	DRP019500	Resequence data for Koshihikari	DRS773355	PRJDB40536	SAMD01828610	DRA029184	WGS	GENOMIC	PAIRED	ILLUMINA	HiSeq X Ten	19808956649	52.82	Oryza sativa Japonica Group	HiSeq X Ten paired end sequencing of SAMD01828610
46601587	DRR1065661	DRX1041260	DRP019500	Resequence data for Koshihikari	DRS773354	PRJDB40536	SAMD01828609	DRA029184	WGS	GENOMIC	PAIRED	ILLUMINA	HiSeq X Ten	23549405635	62.8	Oryza sativa Japonica Group	HiSeq X Ten paired end sequencing of SAMD01828609
46601586	DRR1065660	DRX1041259	DRP019500	Resequence data for Koshihikari	DRS773353	PRJDB40536	SAMD01828608	DRA029184	WGS	GENOMIC	PAIRED	ILLUMINA	HiSeq X Ten	38477901659	102.61	Oryza sativa Japonica Group	HiSeq X Ten paired end sequencing of SAMD01828608
46601585	DRR1065659	DRX1041258	DRP019500	Resequence data for Koshihikari	DRS773352	PRJDB40536	SAMD01828607	DRA029184	WGS	GENOMIC	PAIRED	ILLUMINA	HiSeq X Ten	32516719144	86.71	Oryza sativa Japonica Group	HiSeq X Ten paired end sequencing of SAMD01828607
46601584	DRR1065658	DRX1041257	DRP019500	Resequence data for Koshihikari	DRS773351	PRJDB40536	SAMD01828606	DRA029184	WGS	GENOMIC	PAIRED	ILLUMINA	HiSeq X Ten	25851730125	68.94	Oryza sativa Japonica Group	HiSeq X Ten paired end sequencing of SAMD01828606
46601583	DRR1065657	DRX1041256	DRP019500	Resequence data for Koshihikari	DRS773350	PRJDB40536	SAMD01828605	DRA029184	WGS	GENOMIC	PAIRED	ILLUMINA	HiSeq X Ten	41354819890	110.28	Oryza sativa Japonica Group	HiSeq X Ten paired end sequencing of SAMD01828605
46601582	DRR1065656	DRX1041255	DRP019500	Resequence data for Koshihikari	DRS773349	PRJDB40536	SAMD01828604	DRA029184	WGS	GENOMIC	PAIRED	ILLUMINA	HiSeq X Ten	34253012800	91.34	Oryza sativa Japonica Group	HiSeq X Ten paired end sequencing of SAMD01828604
46601581	DRR1065655	DRX1041254	DRP019500	Resequence data for Koshihikari	DRS773348	PRJDB40536	SAMD01828603	DRA029184	WGS	GENOMIC	PAIRED	ILLUMINA	HiSeq X Ten	25513608061	68.04	Oryza sativa Japonica Group	HiSeq X Ten paired end sequencing of SAMD01828603
46601580	DRR1065654	DRX1041253	DRP019500	Resequence data for Koshihikari	DRS773347	PRJDB40536	SAMD01828602	DRA029184	WGS	GENOMIC	PAIRED	ILLUMINA	HiSeq X Ten	31936126432	85.16	Oryza sativa Japonica Group	HiSeq X Ten paired end sequencing of SAMD01828602
46601579	DRR1065653	DRX1041252	DRP019500	Resequence data for Koshihikari	DRS773346	PRJDB40536	SAMD01828601	DRA029184	WGS	GENOMIC	PAIRED	ILLUMINA	HiSeq X Ten	34199868193	91.2	Oryza sativa Japonica Group	HiSeq X Ten paired end sequencing of SAMD01828601
46601578	DRR1065652	DRX1041251	DRP019500	Resequence data for Koshihikari	DRS773345	PRJDB40536	SAMD01828600	DRA029184	WGS	GENOMIC	PAIRED	ILLUMINA	HiSeq X Ten	24124516062	64.33	Oryza sativa Japonica Group	HiSeq X Ten paired end sequencing of SAMD01828600
46601577	DRR1065651	DRX1041250	DRP019500	Resequence data for Koshihikari	DRS773344	PRJDB40536	SAMD01828599	DRA029184	WGS	GENOMIC	PAIRED	ILLUMINA	HiSeq X Ten	34730808916	92.62	Oryza sativa Japonica Group	HiSeq X Ten paired end sequencing of SAMD01828599
46601576	DRR1065650	DRX1041249	DRP019500	Resequence data for Koshihikari	DRS773343	PRJDB40536	SAMD01828598	DRA029184	WGS	GENOMIC	PAIRED	ILLUMINA	HiSeq X Ten	28780462169	76.75	Oryza sativa Japonica Group	HiSeq X Ten paired end sequencing of SAMD01828598
46601575	DRR1065649	DRX1041248	DRP019500	Resequence data for Koshihikari	DRS773342	PRJDB40536	SAMD01828597	DRA029184	WGS	GENOMIC	PAIRED	ILLUMINA	HiSeq X Ten	23456594112	62.55	Oryza sativa Japonica Group	HiSeq X Ten paired end sequencing of SAMD01828597
46601574	DRR1065648	DRX1041247	DRP019500	Resequence data for Koshihikari	DRS773341	PRJDB40536	SAMD01828596	DRA029184	WGS	GENOMIC	PAIRED	ILLUMINA	HiSeq X Ten	31075532001	82.87	Oryza sativa Japonica Group	HiSeq X Ten paired end sequencing of SAMD01828596
46601573	DRR1065647	DRX1041246	DRP019500	Resequence data for Koshihikari	DRS773340	PRJDB40536	SAMD01828595	DRA029184	WGS	GENOMIC	PAIRED	ILLUMINA	HiSeq X Ten	30466684279	81.24	Oryza sativa Japonica Group	HiSeq X Ten paired end sequencing of SAMD01828595
46601572	DRR1065646	DRX1041245	DRP019500	Resequence data for Koshihikari	DRS773339	PRJDB40536	SAMD01828594	DRA029184	WGS	GENOMIC	PAIRED	ILLUMINA	HiSeq X Ten	31830606336	84.88	Oryza sativa Japonica Group	HiSeq X Ten paired end sequencing of SAMD01828594
46601571	DRR1065645	DRX1041244	DRP019500	Resequence data for Koshihikari	DRS773338	PRJDB40536	SAMD01828593	DRA029184	WGS	GENOMIC	PAIRED	ILLUMINA	HiSeq X Ten	36584676718	97.56	Oryza sativa Japonica Group	HiSeq X Ten paired end sequencing of SAMD01828593
46601570	DRR1065644	DRX1041243	DRP019500	Resequence data for Koshihikari	DRS773337	PRJDB40536	SAMD01828592	DRA029184	WGS	GENOMIC	PAIRED	ILLUMINA	HiSeq X Ten	34960204937	93.23	Oryza sativa Japonica Group	HiSeq X Ten paired end sequencing of SAMD01828592
46601569	DRR1065643	DRX1041242	DRP019500	Resequence data for Koshihikari	DRS773336	PRJDB40536	SAMD01828591	DRA029184	WGS	GENOMIC	PAIRED	ILLUMINA	HiSeq X Ten	27242493425	72.65	Oryza sativa Japonica Group	HiSeq X Ten paired end sequencing of SAMD01828591
46601568	DRR1065642	DRX1041241	DRP019500	Resequence data for Koshihikari	DRS773335	PRJDB40536	SAMD01828590	DRA029184	WGS	GENOMIC	PAIRED	ILLUMINA	HiSeq X Ten	34912091992	93.1	Oryza sativa Japonica Group	HiSeq X Ten paired end sequencing of SAMD01828590
46601567	DRR1065641	DRX1041240	DRP019500	Resequence data for Koshihikari	DRS773334	PRJDB40536	SAMD01828589	DRA029184	WGS	GENOMIC	PAIRED	ILLUMINA	HiSeq X Ten	19984670512	53.29	Oryza sativa Japonica Group	HiSeq X Ten paired end sequencing of SAMD01828589
46601566	DRR1065640	DRX1041239	DRP019500	Resequence data for Koshihikari	DRS773333	PRJDB40536	SAMD01828588	DRA029184	WGS	GENOMIC	PAIRED	ILLUMINA	HiSeq X Ten	26132809777	69.69	Oryza sativa Japonica Group	HiSeq X Ten paired end sequencing of SAMD01828588
46601565	DRR1065639	DRX1041238	DRP019500	Resequence data for Koshihikari	DRS773332	PRJDB40536	SAMD01828587	DRA029184	WGS	GENOMIC	PAIRED	ILLUMINA	HiSeq X Ten	34864238695	92.97	Oryza sativa Japonica Group	HiSeq X Ten paired end sequencing of SAMD01828587
46601564	DRR1065638	DRX1041237	DRP019500	Resequence data for Koshihikari	DRS773331	PRJDB40536	SAMD01828586	DRA029184	WGS	GENOMIC	PAIRED	ILLUMINA	HiSeq X Ten	35607595460	94.95	Oryza sativa Japonica Group	HiSeq X Ten paired end sequencing of SAMD01828586
46601563	DRR1065637	DRX1041236	DRP019500	Resequence data for Koshihikari	DRS773330	PRJDB40536	SAMD01828585	DRA029184	WGS	GENOMIC	PAIRED	ILLUMINA	HiSeq X Ten	30786586055	82.1	Oryza sativa Japonica Group	HiSeq X Ten paired end sequencing of SAMD01828585
46601562	DRR1065636	DRX1041235	DRP019500	Resequence data for Koshihikari	DRS773329	PRJDB40536	SAMD01828584	DRA029184	WGS	GENOMIC	PAIRED	ILLUMINA	HiSeq X Ten	29058391506	77.49	Oryza sativa Japonica Group	HiSeq X Ten paired end sequencing of SAMD01828584
46601561	DRR1065635	DRX1041234	DRP019500	Resequence data for Koshihikari	DRS773328	PRJDB40536	SAMD01828583	DRA029184	WGS	GENOMIC	PAIRED	ILLUMINA	HiSeq X Ten	33420651390	89.12	Oryza sativa Japonica Group	HiSeq X Ten paired end sequencing of SAMD01828583
46601560	DRR1065634	DRX1041233	DRP019500	Resequence data for Koshihikari	DRS773327	PRJDB40536	SAMD01828582	DRA029184	WGS	GENOMIC	PAIRED	ILLUMINA	HiSeq X Ten	28478330654	75.94	Oryza sativa Japonica Group	HiSeq X Ten paired end sequencing of SAMD01828582
46601559	DRR1065633	DRX1041232	DRP019500	Resequence data for Koshihikari	DRS773326	PRJDB40536	SAMD01828581	DRA029184	WGS	GENOMIC	PAIRED	ILLUMINA	HiSeq X Ten	23893482600	63.72	Oryza sativa Japonica Group	HiSeq X Ten paired end sequencing of SAMD01828581
46601558	DRR1065632	DRX1041231	DRP019500	Resequence data for Koshihikari	DRS773325	PRJDB40536	SAMD01828580	DRA029184	WGS	GENOMIC	PAIRED	ILLUMINA	HiSeq X Ten	34084294112	90.89	Oryza sativa Japonica Group	HiSeq X Ten paired end sequencing of SAMD01828580
46601557	DRR1065631	DRX1041230	DRP019500	Resequence data for Koshihikari	DRS773324	PRJDB40536	SAMD01828579	DRA029184	WGS	GENOMIC	PAIRED	ILLUMINA	HiSeq X Ten	37040016234	98.77	Oryza sativa Japonica Group	HiSeq X Ten paired end sequencing of SAMD01828579
46601556	DRR1065630	DRX1041229	DRP019500	Resequence data for Koshihikari	DRS773323	PRJDB40536	SAMD01828578	DRA029184	WGS	GENOMIC	PAIRED	ILLUMINA	HiSeq X Ten	30621878114	81.66	Oryza sativa Japonica Group	HiSeq X Ten paired end sequencing of SAMD01828578
46601555	DRR1065629	DRX1041228	DRP019500	Resequence data for Koshihikari	DRS773322	PRJDB40536	SAMD01828577	DRA029184	WGS	GENOMIC	PAIRED	ILLUMINA	HiSeq X Ten	25022159182	66.73	Oryza sativa Japonica Group	HiSeq X Ten paired end sequencing of SAMD01828577
46601554	DRR1065628	DRX1041227	DRP019500	Resequence data for Koshihikari	DRS773321	PRJDB40536	SAMD01828576	DRA029184	WGS	GENOMIC	PAIRED	ILLUMINA	HiSeq X Ten	34543589614	92.12	Oryza sativa Japonica Group	HiSeq X Ten paired end sequencing of SAMD01828576
46601553	DRR1065627	DRX1041226	DRP019500	Resequence data for Koshihikari	DRS773320	PRJDB40536	SAMD01828575	DRA029184	WGS	GENOMIC	PAIRED	ILLUMINA	HiSeq X Ten	30736037129	81.96	Oryza sativa Japonica Group	HiSeq X Ten paired end sequencing of SAMD01828575
46601552	DRR1065626	DRX1041225	DRP019500	Resequence data for Koshihikari	DRS773319	PRJDB40536	SAMD01828574	DRA029184	WGS	GENOMIC	PAIRED	ILLUMINA	HiSeq X Ten	21247554433	56.66	Oryza sativa Japonica Group	HiSeq X Ten paired end sequencing of SAMD01828574
46601551	DRR1065625	DRX1041224	DRP019500	Resequence data for Koshihikari	DRS773318	PRJDB40536	SAMD01828573	DRA029184	WGS	GENOMIC	PAIRED	ILLUMINA	HiSeq X Ten	21590071481	57.57	Oryza sativa Japonica Group	HiSeq X Ten paired end sequencing of SAMD01828573
46601550	DRR1065624	DRX1041223	DRP019500	Resequence data for Koshihikari	DRS773317	PRJDB40536	SAMD01828572	DRA029184	WGS	GENOMIC	PAIRED	ILLUMINA	HiSeq X Ten	33711455275	89.9	Oryza sativa Japonica Group	HiSeq X Ten paired end sequencing of SAMD01828572
46601549	DRR1065623	DRX1041222	DRP019500	Resequence data for Koshihikari	DRS773316	PRJDB40536	SAMD01828571	DRA029184	WGS	GENOMIC	PAIRED	ILLUMINA	HiSeq X Ten	27554247574	73.48	Oryza sativa Japonica Group	HiSeq X Ten paired end sequencing of SAMD01828571
46601548	DRR1065622	DRX1041221	DRP019500	Resequence data for Koshihikari	DRS773315	PRJDB40536	SAMD01828570	DRA029184	WGS	GENOMIC	PAIRED	ILLUMINA	HiSeq X Ten	28412612466	75.77	Oryza sativa Japonica Group	HiSeq X Ten paired end sequencing of SAMD01828570
46601547	DRR1065621	DRX1041220	DRP019500	Resequence data for Koshihikari	DRS773314	PRJDB40536	SAMD01828569	DRA029184	WGS	GENOMIC	PAIRED	ILLUMINA	HiSeq X Ten	37194193692	99.18	Oryza sativa Japonica Group	HiSeq X Ten paired end sequencing of SAMD01828569
46601546	DRR1065620	DRX1041219	DRP019500	Resequence data for Koshihikari	DRS773313	PRJDB40536	SAMD01828568	DRA029184	WGS	GENOMIC	PAIRED	ILLUMINA	HiSeq X Ten	27105466736	72.28	Oryza sativa Japonica Group	HiSeq X Ten paired end sequencing of SAMD01828568
46601545	DRR1065619	DRX1041218	DRP019500	Resequence data for Koshihikari	DRS773312	PRJDB40536	SAMD01828567	DRA029184	WGS	GENOMIC	PAIRED	ILLUMINA	HiSeq X Ten	27636182358	73.7	Oryza sativa Japonica Group	HiSeq X Ten paired end sequencing of SAMD01828567
46601544	DRR1065618	DRX1041217	DRP019500	Resequence data for Koshihikari	DRS773311	PRJDB40536	SAMD01828566	DRA029184	WGS	GENOMIC	PAIRED	ILLUMINA	HiSeq X Ten	29289733555	78.11	Oryza sativa Japonica Group	HiSeq X Ten paired end sequencing of SAMD01828566
46601543	DRR1065617	DRX1041216	DRP019500	Resequence data for Koshihikari	DRS773310	PRJDB40536	SAMD01828565	DRA029184	WGS	GENOMIC	PAIRED	ILLUMINA	HiSeq X Ten	26402956999	70.41	Oryza sativa Japonica Group	HiSeq X Ten paired end sequencing of SAMD01828565
46601542	DRR1065616	DRX1041215	DRP019500	Resequence data for Koshihikari	DRS773309	PRJDB40536	SAMD01828564	DRA029184	WGS	GENOMIC	PAIRED	ILLUMINA	HiSeq X Ten	29896514939	79.72	Oryza sativa Japonica Group	HiSeq X Ten paired end sequencing of SAMD01828564
46601541	DRR1065615	DRX1041214	DRP019500	Resequence data for Koshihikari	DRS773308	PRJDB40536	SAMD01828563	DRA029184	WGS	GENOMIC	PAIRED	ILLUMINA	HiSeq X Ten	28790243382	76.77	Oryza sativa Japonica Group	HiSeq X Ten paired end sequencing of SAMD01828563
46601540	DRR1065614	DRX1041213	DRP019500	Resequence data for Koshihikari	DRS773307	PRJDB40536	SAMD01828562	DRA029184	WGS	GENOMIC	PAIRED	ILLUMINA	HiSeq X Ten	29289239974	78.1	Oryza sativa Japonica Group	HiSeq X Ten paired end sequencing of SAMD01828562
46601539	DRR1065613	DRX1041212	DRP019500	Resequence data for Koshihikari	DRS773306	PRJDB40536	SAMD01828561	DRA029184	WGS	GENOMIC	PAIRED	ILLUMINA	HiSeq X Ten	18936609301	50.5	Oryza sativa Japonica Group	HiSeq X Ten paired end sequencing of SAMD01828561
46601538	DRR1065612	DRX1041211	DRP019500	Resequence data for Koshihikari	DRS773305	PRJDB40536	SAMD01828560	DRA029184	WGS	GENOMIC	PAIRED	ILLUMINA	HiSeq X Ten	27966645565	74.58	Oryza sativa Japonica Group	HiSeq X Ten paired end sequencing of SAMD01828560
46601537	DRR1065611	DRX1041210	DRP019500	Resequence data for Koshihikari	DRS773304	PRJDB40536	SAMD01828559	DRA029184	WGS	GENOMIC	PAIRED	ILLUMINA	HiSeq X Ten	32586704908	86.9	Oryza sativa Japonica Group	HiSeq X Ten paired end sequencing of SAMD01828559
46601536	DRR1065610	DRX1041209	DRP019500	Resequence data for Koshihikari	DRS773303	PRJDB40536	SAMD01828558	DRA029184	WGS	GENOMIC	PAIRED	ILLUMINA	HiSeq X Ten	25934200464	69.16	Oryza sativa Japonica Group	HiSeq X Ten paired end sequencing of SAMD01828558
46601535	DRR1065609	DRX1041208	DRP019500	Resequence data for Koshihikari	DRS773302	PRJDB40536	SAMD01828557	DRA029184	WGS	GENOMIC	PAIRED	ILLUMINA	HiSeq X Ten	31254843486	83.35	Oryza sativa Japonica Group	HiSeq X Ten paired end sequencing of SAMD01828557
46601534	DRR1065608	DRX1041207	DRP019500	Resequence data for Koshihikari	DRS773301	PRJDB40536	SAMD01828556	DRA029184	WGS	GENOMIC	PAIRED	ILLUMINA	HiSeq X Ten	26043033511	69.45	Oryza sativa Japonica Group	HiSeq X Ten paired end sequencing of SAMD01828556
46601533	DRR1065607	DRX1041206	DRP019500	Resequence data for Koshihikari	DRS773300	PRJDB40536	SAMD01828555	DRA029184	WGS	GENOMIC	PAIRED	ILLUMINA	HiSeq X Ten	26106037680	69.62	Oryza sativa Japonica Group	HiSeq X Ten paired end sequencing of SAMD01828555
46601532	DRR1065606	DRX1041205	DRP019500	Resequence data for Koshihikari	DRS773299	PRJDB40536	SAMD01828554	DRA029184	WGS	GENOMIC	PAIRED	ILLUMINA	HiSeq X Ten	28715891104	76.58	Oryza sativa Japonica Group	HiSeq X Ten paired end sequencing of SAMD01828554
46601531	DRR1065605	DRX1041204	DRP019500	Resequence data for Koshihikari	DRS773298	PRJDB40536	SAMD01828553	DRA029184	WGS	GENOMIC	PAIRED	ILLUMINA	HiSeq X Ten	32909956293	87.76	Oryza sativa Japonica Group	HiSeq X Ten paired end sequencing of SAMD01828553
46601530	DRR1065604	DRX1041203	DRP019500	Resequence data for Koshihikari	DRS773297	PRJDB40536	SAMD01828552	DRA029184	WGS	GENOMIC	PAIRED	ILLUMINA	HiSeq X Ten	17430916230	46.48	Oryza sativa Japonica Group	HiSeq X Ten paired end sequencing of SAMD01828552
46601529	DRR1065603	DRX1041202	DRP019500	Resequence data for Koshihikari	DRS773296	PRJDB40536	SAMD01828551	DRA029184	WGS	GENOMIC	PAIRED	ILLUMINA	HiSeq X Ten	28489023194	75.97	Oryza sativa Japonica Group	HiSeq X Ten paired end sequencing of SAMD01828551
46601528	DRR1065602	DRX1041201	DRP019500	Resequence data for Koshihikari	DRS773295	PRJDB40536	SAMD01828550	DRA029184	WGS	GENOMIC	PAIRED	ILLUMINA	HiSeq X Ten	27285247900	72.76	Oryza sativa Japonica Group	HiSeq X Ten paired end sequencing of SAMD01828550
46601527	DRR1065601	DRX1041200	DRP019500	Resequence data for Koshihikari	DRS773294	PRJDB40536	SAMD01828549	DRA029184	WGS	GENOMIC	PAIRED	ILLUMINA	HiSeq X Ten	30588968861	81.57	Oryza sativa Japonica Group	HiSeq X Ten paired end sequencing of SAMD01828549
46601526	DRR1065600	DRX1041199	DRP019500	Resequence data for Koshihikari	DRS773293	PRJDB40536	SAMD01828548	DRA029184	WGS	GENOMIC	PAIRED	ILLUMINA	HiSeq X Ten	16044843366	42.79	Oryza sativa Japonica Group	HiSeq X Ten paired end sequencing of SAMD01828548
46601525	DRR1065599	DRX1041198	DRP019500	Resequence data for Koshihikari	DRS773292	PRJDB40536	SAMD01828547	DRA029184	WGS	GENOMIC	PAIRED	ILLUMINA	HiSeq X Ten	19541521459	52.11	Oryza sativa Japonica Group	HiSeq X Ten paired end sequencing of SAMD01828547
46601506	DRR751092	DRX730663	DRP019507	Telomere-to-telomere Japanese cultivar rice 'Koshihikari'	DRS773149	PRJDB37630	SAMD01687875	DRA022576	WGS	GENOMIC	SINGLE	OXFORD_NANOPORE	PromethION	51401428430	137.07	Oryza sativa Japonica Group	PromethION sequencing of SAMD01687875
46601377	DRR1088476	DRX1064024	DRP019511	WGS of the progeny of Koshihikari and Hirayama	DRS773263	PRJDB42961	SAMD01957115	DRA029637	WGS	GENOMIC	PAIRED	DNBSEQ	DNBSEQ-T7	6079362000	16.21	Oryza sativa Japonica Group	DNBSEQ-T7 paired end sequencing of SAMD01957115
46601376	DRR1088475	DRX1064023	DRP019511	WGS of the progeny of Koshihikari and Hirayama	DRS773262	PRJDB42961	SAMD01957114	DRA029637	WGS	GENOMIC	PAIRED	DNBSEQ	DNBSEQ-T7	7404690300	19.75	Oryza sativa Japonica Group	DNBSEQ-T7 paired end sequencing of SAMD01957114
46601375	DRR1088474	DRX1064022	DRP019511	WGS of the progeny of Koshihikari and Hirayama	DRS773261	PRJDB42961	SAMD01957113	DRA029637	WGS	GENOMIC	PAIRED	DNBSEQ	DNBSEQ-T7	5348061300	14.26	Oryza sativa Japonica Group	DNBSEQ-T7 paired end sequencing of SAMD01957113
46601374	DRR1088473	DRX1064021	DRP019511	WGS of the progeny of Koshihikari and Hirayama	DRS773260	PRJDB42961	SAMD01957112	DRA029637	WGS	GENOMIC	PAIRED	DNBSEQ	DNBSEQ-T7	5466246000	14.58	Oryza sativa Japonica Group	DNBSEQ-T7 paired end sequencing of SAMD01957112
46601373	DRR1088472	DRX1064020	DRP019511	WGS of the progeny of Koshihikari and Hirayama	DRS773259	PRJDB42961	SAMD01957111	DRA029637	WGS	GENOMIC	PAIRED	DNBSEQ	DNBSEQ-T7	6046721100	16.12	Oryza sativa Japonica Group	DNBSEQ-T7 paired end sequencing of SAMD01957111
46601372	DRR1088471	DRX1064019	DRP019511	WGS of the progeny of Koshihikari and Hirayama	DRS773258	PRJDB42961	SAMD01957110	DRA029637	WGS	GENOMIC	PAIRED	DNBSEQ	DNBSEQ-T7	8832859500	23.55	Oryza sativa Japonica Group	DNBSEQ-T7 paired end sequencing of SAMD01957110
46601371	DRR1088470	DRX1064018	DRP019511	WGS of the progeny of Koshihikari and Hirayama	DRS773257	PRJDB42961	SAMD01957109	DRA029637	WGS	GENOMIC	PAIRED	DNBSEQ	DNBSEQ-T7	8077395600	21.54	Oryza sativa Japonica Group	DNBSEQ-T7 paired end sequencing of SAMD01957109
46601370	DRR1088469	DRX1064017	DRP019511	WGS of the progeny of Koshihikari and Hirayama	DRS773256	PRJDB42961	SAMD01957108	DRA029637	WGS	GENOMIC	PAIRED	DNBSEQ	DNBSEQ-T7	4707783300	12.55	Oryza sativa Japonica Group	DNBSEQ-T7 paired end sequencing of SAMD01957108
46601369	DRR1088468	DRX1064016	DRP019511	WGS of the progeny of Koshihikari and Hirayama	DRS773255	PRJDB42961	SAMD01957107	DRA029637	WGS	GENOMIC	PAIRED	DNBSEQ	DNBSEQ-T7	7396778700	19.72	Oryza sativa Japonica Group	DNBSEQ-T7 paired end sequencing of SAMD01957107
46601368	DRR1088467	DRX1064015	DRP019511	WGS of the progeny of Koshihikari and Hirayama	DRS773254	PRJDB42961	SAMD01957106	DRA029637	WGS	GENOMIC	PAIRED	DNBSEQ	DNBSEQ-T7	6160465500	16.43	Oryza sativa Japonica Group	DNBSEQ-T7 paired end sequencing of SAMD01957106
46601367	DRR1088466	DRX1064014	DRP019511	WGS of the progeny of Koshihikari and Hirayama	DRS773253	PRJDB42961	SAMD01957105	DRA029637	WGS	GENOMIC	PAIRED	DNBSEQ	DNBSEQ-T7	5219101800	13.92	Oryza sativa Japonica Group	DNBSEQ-T7 paired end sequencing of SAMD01957105
46601366	DRR1088465	DRX1064013	DRP019511	WGS of the progeny of Koshihikari and Hirayama	DRS773252	PRJDB42961	SAMD01957104	DRA029637	WGS	GENOMIC	PAIRED	DNBSEQ	DNBSEQ-T7	6148718400	16.4	Oryza sativa Japonica Group	DNBSEQ-T7 paired end sequencing of SAMD01957104
46601365	DRR1088464	DRX1064012	DRP019511	WGS of the progeny of Koshihikari and Hirayama	DRS773251	PRJDB42961	SAMD01957103	DRA029637	WGS	GENOMIC	PAIRED	DNBSEQ	DNBSEQ-T7	7951376100	21.2	Oryza sativa Japonica Group	DNBSEQ-T7 paired end sequencing of SAMD01957103
46601364	DRR1088463	DRX1064011	DRP019511	WGS of the progeny of Koshihikari and Hirayama	DRS773250	PRJDB42961	SAMD01957102	DRA029637	WGS	GENOMIC	PAIRED	DNBSEQ	DNBSEQ-T7	8125665900	21.67	Oryza sativa Japonica Group	DNBSEQ-T7 paired end sequencing of SAMD01957102
46601363	DRR1088462	DRX1064010	DRP019511	WGS of the progeny of Koshihikari and Hirayama	DRS773249	PRJDB42961	SAMD01957101	DRA029637	WGS	GENOMIC	PAIRED	DNBSEQ	DNBSEQ-T7	4978159500	13.28	Oryza sativa Japonica Group	DNBSEQ-T7 paired end sequencing of SAMD01957101
46601362	DRR1088461	DRX1064009	DRP019511	WGS of the progeny of Koshihikari and Hirayama	DRS773248	PRJDB42961	SAMD01957100	DRA029637	WGS	GENOMIC	PAIRED	DNBSEQ	DNBSEQ-T7	6708687900	17.89	Oryza sativa Japonica Group	DNBSEQ-T7 paired end sequencing of SAMD01957100
46601361	DRR1088460	DRX1064008	DRP019511	WGS of the progeny of Koshihikari and Hirayama	DRS773247	PRJDB42961	SAMD01957099	DRA029637	WGS	GENOMIC	PAIRED	DNBSEQ	DNBSEQ-T7	7527556500	20.07	Oryza sativa Japonica Group	DNBSEQ-T7 paired end sequencing of SAMD01957099
46601360	DRR1088459	DRX1064007	DRP019511	WGS of the progeny of Koshihikari and Hirayama	DRS773246	PRJDB42961	SAMD01957098	DRA029637	WGS	GENOMIC	PAIRED	DNBSEQ	DNBSEQ-T7	8044302900	21.45	Oryza sativa Japonica Group	DNBSEQ-T7 paired end sequencing of SAMD01957098
46601359	DRR1088458	DRX1064006	DRP019511	WGS of the progeny of Koshihikari and Hirayama	DRS773245	PRJDB42961	SAMD01957097	DRA029637	WGS	GENOMIC	PAIRED	DNBSEQ	DNBSEQ-T7	11525247600	30.73	Oryza sativa Japonica Group	DNBSEQ-T7 paired end sequencing of SAMD01957097
46601358	DRR1088457	DRX1064005	DRP019511	WGS of the progeny of Koshihikari and Hirayama	DRS773244	PRJDB42961	SAMD01957096	DRA029637	WGS	GENOMIC	PAIRED	DNBSEQ	DNBSEQ-T7	4911572400	13.1	Oryza sativa Japonica Group	DNBSEQ-T7 paired end sequencing of SAMD01957096
46601357	DRR1088456	DRX1064004	DRP019511	WGS of the progeny of Koshihikari and Hirayama	DRS773243	PRJDB42961	SAMD01957095	DRA029637	WGS	GENOMIC	PAIRED	DNBSEQ	DNBSEQ-T7	7097218800	18.93	Oryza sativa Japonica Group	DNBSEQ-T7 paired end sequencing of SAMD01957095
46601356	DRR1088455	DRX1064003	DRP019511	WGS of the progeny of Koshihikari and Hirayama	DRS773242	PRJDB42961	SAMD01957094	DRA029637	WGS	GENOMIC	PAIRED	DNBSEQ	DNBSEQ-T7	7482072900	19.95	Oryza sativa Japonica Group	DNBSEQ-T7 paired end sequencing of SAMD01957094
46601355	DRR1088454	DRX1064002	DRP019511	WGS of the progeny of Koshihikari and Hirayama	DRS773241	PRJDB42961	SAMD01957093	DRA029637	WGS	GENOMIC	PAIRED	DNBSEQ	DNBSEQ-T7	6445108800	17.19	Oryza sativa Japonica Group	DNBSEQ-T7 paired end sequencing of SAMD01957093
46601354	DRR1088453	DRX1064001	DRP019511	WGS of the progeny of Koshihikari and Hirayama	DRS773240	PRJDB42961	SAMD01957092	DRA029637	WGS	GENOMIC	PAIRED	DNBSEQ	DNBSEQ-T7	8992908900	23.98	Oryza sativa Japonica Group	DNBSEQ-T7 paired end sequencing of SAMD01957092
46601353	DRR1088452	DRX1064000	DRP019511	WGS of the progeny of Koshihikari and Hirayama	DRS773239	PRJDB42961	SAMD01957091	DRA029637	WGS	GENOMIC	PAIRED	DNBSEQ	DNBSEQ-T7	6539785500	17.44	Oryza sativa Japonica Group	DNBSEQ-T7 paired end sequencing of SAMD01957091
46601352	DRR1088451	DRX1063999	DRP019511	WGS of the progeny of Koshihikari and Hirayama	DRS773238	PRJDB42961	SAMD01957090	DRA029637	WGS	GENOMIC	PAIRED	DNBSEQ	DNBSEQ-T7	6568776900	17.52	Oryza sativa Japonica Group	DNBSEQ-T7 paired end sequencing of SAMD01957090
46601351	DRR1088450	DRX1063998	DRP019511	WGS of the progeny of Koshihikari and Hirayama	DRS773237	PRJDB42961	SAMD01957089	DRA029637	WGS	GENOMIC	PAIRED	DNBSEQ	DNBSEQ-T7	7731588900	20.62	Oryza sativa Japonica Group	DNBSEQ-T7 paired end sequencing of SAMD01957089
46601350	DRR1088449	DRX1063997	DRP019511	WGS of the progeny of Koshihikari and Hirayama	DRS773236	PRJDB42961	SAMD01957088	DRA029637	WGS	GENOMIC	PAIRED	DNBSEQ	DNBSEQ-T7	4673313000	12.46	Oryza sativa Japonica Group	DNBSEQ-T7 paired end sequencing of SAMD01957088
46601349	DRR1088448	DRX1063996	DRP019511	WGS of the progeny of Koshihikari and Hirayama	DRS773235	PRJDB42961	SAMD01957087	DRA029637	WGS	GENOMIC	PAIRED	DNBSEQ	DNBSEQ-T7	10308368700	27.49	Oryza sativa Japonica Group	DNBSEQ-T7 paired end sequencing of SAMD01957087
46601348	DRR1088447	DRX1063995	DRP019511	WGS of the progeny of Koshihikari and Hirayama	DRS773234	PRJDB42961	SAMD01957086	DRA029637	WGS	GENOMIC	PAIRED	DNBSEQ	DNBSEQ-T7	8587708500	22.9	Oryza sativa Japonica Group	DNBSEQ-T7 paired end sequencing of SAMD01957086
46601347	DRR1088446	DRX1063994	DRP019511	WGS of the progeny of Koshihikari and Hirayama	DRS773233	PRJDB42961	SAMD01957085	DRA029637	WGS	GENOMIC	PAIRED	DNBSEQ	DNBSEQ-T7	7789112400	20.77	Oryza sativa Japonica Group	DNBSEQ-T7 paired end sequencing of SAMD01957085
46601346	DRR1088445	DRX1063993	DRP019511	WGS of the progeny of Koshihikari and Hirayama	DRS773232	PRJDB42961	SAMD01957084	DRA029637	WGS	GENOMIC	PAIRED	DNBSEQ	DNBSEQ-T7	9136263600	24.36	Oryza sativa Japonica Group	DNBSEQ-T7 paired end sequencing of SAMD01957084
46601345	DRR1088444	DRX1063992	DRP019511	WGS of the progeny of Koshihikari and Hirayama	DRS773231	PRJDB42961	SAMD01957083	DRA029637	WGS	GENOMIC	PAIRED	DNBSEQ	DNBSEQ-T7	10543044300	28.11	Oryza sativa Japonica Group	DNBSEQ-T7 paired end sequencing of SAMD01957083
46601344	DRR1088443	DRX1063991	DRP019511	WGS of the progeny of Koshihikari and Hirayama	DRS773230	PRJDB42961	SAMD01957082	DRA029637	WGS	GENOMIC	PAIRED	DNBSEQ	DNBSEQ-T7	6808568400	18.16	Oryza sativa Japonica Group	DNBSEQ-T7 paired end sequencing of SAMD01957082
46601343	DRR1088442	DRX1063990	DRP019511	WGS of the progeny of Koshihikari and Hirayama	DRS773229	PRJDB42961	SAMD01957081	DRA029637	WGS	GENOMIC	PAIRED	DNBSEQ	DNBSEQ-T7	7496316900	19.99	Oryza sativa Japonica Group	DNBSEQ-T7 paired end sequencing of SAMD01957081
46601342	DRR1088441	DRX1063989	DRP019511	WGS of the progeny of Koshihikari and Hirayama	DRS773228	PRJDB42961	SAMD01957080	DRA029637	WGS	GENOMIC	PAIRED	DNBSEQ	DNBSEQ-T7	6307733400	16.82	Oryza sativa Japonica Group	DNBSEQ-T7 paired end sequencing of SAMD01957080
46601341	DRR1088440	DRX1063988	DRP019511	WGS of the progeny of Koshihikari and Hirayama	DRS773227	PRJDB42961	SAMD01957079	DRA029637	WGS	GENOMIC	PAIRED	DNBSEQ	DNBSEQ-T7	6180259800	16.48	Oryza sativa Japonica Group	DNBSEQ-T7 paired end sequencing of SAMD01957079
46601340	DRR1088439	DRX1063987	DRP019511	WGS of the progeny of Koshihikari and Hirayama	DRS773226	PRJDB42961	SAMD01957078	DRA029637	WGS	GENOMIC	PAIRED	DNBSEQ	DNBSEQ-T7	9575575800	25.53	Oryza sativa Japonica Group	DNBSEQ-T7 paired end sequencing of SAMD01957078
46601339	DRR1088438	DRX1063986	DRP019511	WGS of the progeny of Koshihikari and Hirayama	DRS773225	PRJDB42961	SAMD01957077	DRA029637	WGS	GENOMIC	PAIRED	DNBSEQ	DNBSEQ-T7	7928772000	21.14	Oryza sativa Japonica Group	DNBSEQ-T7 paired end sequencing of SAMD01957077
46601338	DRR1088437	DRX1063985	DRP019511	WGS of the progeny of Koshihikari and Hirayama	DRS773224	PRJDB42961	SAMD01957076	DRA029637	WGS	GENOMIC	PAIRED	DNBSEQ	DNBSEQ-T7	9904207200	26.41	Oryza sativa Japonica Group	DNBSEQ-T7 paired end sequencing of SAMD01957076
46601337	DRR1088436	DRX1063984	DRP019511	WGS of the progeny of Koshihikari and Hirayama	DRS773223	PRJDB42961	SAMD01957075	DRA029637	WGS	GENOMIC	PAIRED	DNBSEQ	DNBSEQ-T7	6383794800	17.02	Oryza sativa Japonica Group	DNBSEQ-T7 paired end sequencing of SAMD01957075
46601336	DRR1088435	DRX1063983	DRP019511	WGS of the progeny of Koshihikari and Hirayama	DRS773222	PRJDB42961	SAMD01957074	DRA029637	WGS	GENOMIC	PAIRED	DNBSEQ	DNBSEQ-T7	10029211800	26.74	Oryza sativa Japonica Group	DNBSEQ-T7 paired end sequencing of SAMD01957074
46601335	DRR1088434	DRX1063982	DRP019511	WGS of the progeny of Koshihikari and Hirayama	DRS773221	PRJDB42961	SAMD01957073	DRA029637	WGS	GENOMIC	PAIRED	DNBSEQ	DNBSEQ-T7	6778417800	18.08	Oryza sativa Japonica Group	DNBSEQ-T7 paired end sequencing of SAMD01957073
46601334	DRR1088433	DRX1063981	DRP019511	WGS of the progeny of Koshihikari and Hirayama	DRS773220	PRJDB42961	SAMD01957072	DRA029637	WGS	GENOMIC	PAIRED	DNBSEQ	DNBSEQ-T7	10242470400	27.31	Oryza sativa Japonica Group	DNBSEQ-T7 paired end sequencing of SAMD01957072
46601333	DRR1088432	DRX1063980	DRP019511	WGS of the progeny of Koshihikari and Hirayama	DRS773219	PRJDB42961	SAMD01957071	DRA029637	WGS	GENOMIC	PAIRED	DNBSEQ	DNBSEQ-T7	8670255300	23.12	Oryza sativa Japonica Group	DNBSEQ-T7 paired end sequencing of SAMD01957071
46601332	DRR1088431	DRX1063979	DRP019511	WGS of the progeny of Koshihikari and Hirayama	DRS773218	PRJDB42961	SAMD01957070	DRA029637	WGS	GENOMIC	PAIRED	DNBSEQ	DNBSEQ-T7	8824174800	23.53	Oryza sativa Japonica Group	DNBSEQ-T7 paired end sequencing of SAMD01957070
46601331	DRR1088430	DRX1063978	DRP019511	WGS of the progeny of Koshihikari and Hirayama	DRS773217	PRJDB42961	SAMD01957069	DRA029637	WGS	GENOMIC	PAIRED	DNBSEQ	DNBSEQ-T7	7676464200	20.47	Oryza sativa Japonica Group	DNBSEQ-T7 paired end sequencing of SAMD01957069
46601330	DRR1088429	DRX1063977	DRP019511	WGS of the progeny of Koshihikari and Hirayama	DRS773216	PRJDB42961	SAMD01957068	DRA029637	WGS	GENOMIC	PAIRED	DNBSEQ	DNBSEQ-T7	5965173000	15.91	Oryza sativa Japonica Group	DNBSEQ-T7 paired end sequencing of SAMD01957068
46601329	DRR1088504	DRX1064052	DRP019511	WGS of the progeny of Koshihikari and Hirayama	DRS773291	PRJDB42961	SAMD01957143	DRA029637	WGS	GENOMIC	PAIRED	DNBSEQ	DNBSEQ-T7	7903339500	21.08	Oryza sativa Japonica Group	DNBSEQ-T7 paired end sequencing of SAMD01957143
46601328	DRR1088503	DRX1064051	DRP019511	WGS of the progeny of Koshihikari and Hirayama	DRS773290	PRJDB42961	SAMD01957142	DRA029637	WGS	GENOMIC	PAIRED	DNBSEQ	DNBSEQ-T7	4879557900	13.01	Oryza sativa Japonica Group	DNBSEQ-T7 paired end sequencing of SAMD01957142
46601327	DRR1088502	DRX1064050	DRP019511	WGS of the progeny of Koshihikari and Hirayama	DRS773289	PRJDB42961	SAMD01957141	DRA029637	WGS	GENOMIC	PAIRED	DNBSEQ	DNBSEQ-T7	10127662800	27.01	Oryza sativa Japonica Group	DNBSEQ-T7 paired end sequencing of SAMD01957141
46601326	DRR1088501	DRX1064049	DRP019511	WGS of the progeny of Koshihikari and Hirayama	DRS773288	PRJDB42961	SAMD01957140	DRA029637	WGS	GENOMIC	PAIRED	DNBSEQ	DNBSEQ-T7	14303762700	38.14	Oryza sativa Japonica Group	DNBSEQ-T7 paired end sequencing of SAMD01957140
46601325	DRR1088500	DRX1064048	DRP019511	WGS of the progeny of Koshihikari and Hirayama	DRS773287	PRJDB42961	SAMD01957139	DRA029637	WGS	GENOMIC	PAIRED	DNBSEQ	DNBSEQ-T7	11366124300	30.31	Oryza sativa Japonica Group	DNBSEQ-T7 paired end sequencing of SAMD01957139
46601324	DRR1088499	DRX1064047	DRP019511	WGS of the progeny of Koshihikari and Hirayama	DRS773286	PRJDB42961	SAMD01957138	DRA029637	WGS	GENOMIC	PAIRED	DNBSEQ	DNBSEQ-T7	8639778900	23.04	Oryza sativa Japonica Group	DNBSEQ-T7 paired end sequencing of SAMD01957138
46601323	DRR1088498	DRX1064046	DRP019511	WGS of the progeny of Koshihikari and Hirayama	DRS773285	PRJDB42961	SAMD01957137	DRA029637	WGS	GENOMIC	PAIRED	DNBSEQ	DNBSEQ-T7	10210740300	27.23	Oryza sativa Japonica Group	DNBSEQ-T7 paired end sequencing of SAMD01957137
46601322	DRR1088497	DRX1064045	DRP019511	WGS of the progeny of Koshihikari and Hirayama	DRS773284	PRJDB42961	SAMD01957136	DRA029637	WGS	GENOMIC	PAIRED	DNBSEQ	DNBSEQ-T7	13505868900	36.02	Oryza sativa Japonica Group	DNBSEQ-T7 paired end sequencing of SAMD01957136
46601321	DRR1088496	DRX1064044	DRP019511	WGS of the progeny of Koshihikari and Hirayama	DRS773283	PRJDB42961	SAMD01957135	DRA029637	WGS	GENOMIC	PAIRED	DNBSEQ	DNBSEQ-T7	4879177800	13.01	Oryza sativa Japonica Group	DNBSEQ-T7 paired end sequencing of SAMD01957135
46601320	DRR1088495	DRX1064043	DRP019511	WGS of the progeny of Koshihikari and Hirayama	DRS773282	PRJDB42961	SAMD01957134	DRA029637	WGS	GENOMIC	PAIRED	DNBSEQ	DNBSEQ-T7	7731561000	20.62	Oryza sativa Japonica Group	DNBSEQ-T7 paired end sequencing of SAMD01957134
46601319	DRR1088494	DRX1064042	DRP019511	WGS of the progeny of Koshihikari and Hirayama	DRS773281	PRJDB42961	SAMD01957133	DRA029637	WGS	GENOMIC	PAIRED	DNBSEQ	DNBSEQ-T7	7817700300	20.85	Oryza sativa Japonica Group	DNBSEQ-T7 paired end sequencing of SAMD01957133
46601318	DRR1088493	DRX1064041	DRP019511	WGS of the progeny of Koshihikari and Hirayama	DRS773280	PRJDB42961	SAMD01957132	DRA029637	WGS	GENOMIC	PAIRED	DNBSEQ	DNBSEQ-T7	6571595700	17.52	Oryza sativa Japonica Group	DNBSEQ-T7 paired end sequencing of SAMD01957132
46601317	DRR1088492	DRX1064040	DRP019511	WGS of the progeny of Koshihikari and Hirayama	DRS773279	PRJDB42961	SAMD01957131	DRA029637	WGS	GENOMIC	PAIRED	DNBSEQ	DNBSEQ-T7	5301895500	14.14	Oryza sativa Japonica Group	DNBSEQ-T7 paired end sequencing of SAMD01957131
46601316	DRR1088491	DRX1064039	DRP019511	WGS of the progeny of Koshihikari and Hirayama	DRS773278	PRJDB42961	SAMD01957130	DRA029637	WGS	GENOMIC	PAIRED	DNBSEQ	DNBSEQ-T7	10870383000	28.99	Oryza sativa Japonica Group	DNBSEQ-T7 paired end sequencing of SAMD01957130
46601315	DRR1088490	DRX1064038	DRP019511	WGS of the progeny of Koshihikari and Hirayama	DRS773277	PRJDB42961	SAMD01957129	DRA029637	WGS	GENOMIC	PAIRED	DNBSEQ	DNBSEQ-T7	8403242400	22.41	Oryza sativa Japonica Group	DNBSEQ-T7 paired end sequencing of SAMD01957129
46601314	DRR1088489	DRX1064037	DRP019511	WGS of the progeny of Koshihikari and Hirayama	DRS773276	PRJDB42961	SAMD01957128	DRA029637	WGS	GENOMIC	PAIRED	DNBSEQ	DNBSEQ-T7	9366044700	24.98	Oryza sativa Japonica Group	DNBSEQ-T7 paired end sequencing of SAMD01957128
46601313	DRR1088488	DRX1064036	DRP019511	WGS of the progeny of Koshihikari and Hirayama	DRS773275	PRJDB42961	SAMD01957127	DRA029637	WGS	GENOMIC	PAIRED	DNBSEQ	DNBSEQ-T7	5745539100	15.32	Oryza sativa Japonica Group	DNBSEQ-T7 paired end sequencing of SAMD01957127
46601312	DRR1088487	DRX1064035	DRP019511	WGS of the progeny of Koshihikari and Hirayama	DRS773274	PRJDB42961	SAMD01957126	DRA029637	WGS	GENOMIC	PAIRED	DNBSEQ	DNBSEQ-T7	7510785000	20.03	Oryza sativa Japonica Group	DNBSEQ-T7 paired end sequencing of SAMD01957126
46601311	DRR1088486	DRX1064034	DRP019511	WGS of the progeny of Koshihikari and Hirayama	DRS773273	PRJDB42961	SAMD01957125	DRA029637	WGS	GENOMIC	PAIRED	DNBSEQ	DNBSEQ-T7	6969215700	18.58	Oryza sativa Japonica Group	DNBSEQ-T7 paired end sequencing of SAMD01957125
46601310	DRR1088485	DRX1064033	DRP019511	WGS of the progeny of Koshihikari and Hirayama	DRS773272	PRJDB42961	SAMD01957124	DRA029637	WGS	GENOMIC	PAIRED	DNBSEQ	DNBSEQ-T7	8216974800	21.91	Oryza sativa Japonica Group	DNBSEQ-T7 paired end sequencing of SAMD01957124
46601309	DRR1088484	DRX1064032	DRP019511	WGS of the progeny of Koshihikari and Hirayama	DRS773271	PRJDB42961	SAMD01957123	DRA029637	WGS	GENOMIC	PAIRED	DNBSEQ	DNBSEQ-T7	6254459100	16.68	Oryza sativa Japonica Group	DNBSEQ-T7 paired end sequencing of SAMD01957123
46601308	DRR1088483	DRX1064031	DRP019511	WGS of the progeny of Koshihikari and Hirayama	DRS773270	PRJDB42961	SAMD01957122	DRA029637	WGS	GENOMIC	PAIRED	DNBSEQ	DNBSEQ-T7	7783304700	20.76	Oryza sativa Japonica Group	DNBSEQ-T7 paired end sequencing of SAMD01957122
46601307	DRR1088482	DRX1064030	DRP019511	WGS of the progeny of Koshihikari and Hirayama	DRS773269	PRJDB42961	SAMD01957121	DRA029637	WGS	GENOMIC	PAIRED	DNBSEQ	DNBSEQ-T7	6580817400	17.55	Oryza sativa Japonica Group	DNBSEQ-T7 paired end sequencing of SAMD01957121
46601306	DRR1088481	DRX1064029	DRP019511	WGS of the progeny of Koshihikari and Hirayama	DRS773268	PRJDB42961	SAMD01957120	DRA029637	WGS	GENOMIC	PAIRED	DNBSEQ	DNBSEQ-T7	7663418100	20.44	Oryza sativa Japonica Group	DNBSEQ-T7 paired end sequencing of SAMD01957120
46601305	DRR1088480	DRX1064028	DRP019511	WGS of the progeny of Koshihikari and Hirayama	DRS773267	PRJDB42961	SAMD01957119	DRA029637	WGS	GENOMIC	PAIRED	DNBSEQ	DNBSEQ-T7	8835448500	23.56	Oryza sativa Japonica Group	DNBSEQ-T7 paired end sequencing of SAMD01957119
46601304	DRR1088479	DRX1064027	DRP019511	WGS of the progeny of Koshihikari and Hirayama	DRS773266	PRJDB42961	SAMD01957118	DRA029637	WGS	GENOMIC	PAIRED	DNBSEQ	DNBSEQ-T7	7052526300	18.81	Oryza sativa Japonica Group	DNBSEQ-T7 paired end sequencing of SAMD01957118
46601303	DRR1088478	DRX1064026	DRP019511	WGS of the progeny of Koshihikari and Hirayama	DRS773265	PRJDB42961	SAMD01957117	DRA029637	WGS	GENOMIC	PAIRED	DNBSEQ	DNBSEQ-T7	4727994000	12.61	Oryza sativa Japonica Group	DNBSEQ-T7 paired end sequencing of SAMD01957117
46601302	DRR1088477	DRX1064025	DRP019511	WGS of the progeny of Koshihikari and Hirayama	DRS773264	PRJDB42961	SAMD01957116	DRA029637	WGS	GENOMIC	PAIRED	DNBSEQ	DNBSEQ-T7	8921404200	23.79	Oryza sativa Japonica Group	DNBSEQ-T7 paired end sequencing of SAMD01957116
46590588	DRR969941	DRX947576	DRP016783	rice ZH11 ems4611  database (PRJCA020505)	DRS633883	PRJDB38331	SAMD01759468	DRA026964	WGS	GENOMIC	PAIRED	ILLUMINA	HiSeq X Ten	4149955500	11.07	Oryza sativa	A3112 (CRX840987)
46590587	DRR970115	DRX947750	DRP016783	rice ZH11 ems4611  database (PRJCA020505)	DRS634057	PRJDB38331	SAMD01759642	DRA026964	WGS	GENOMIC	PAIRED	ILLUMINA	HiSeq X Ten	4241612400	11.31	Oryza sativa	A39 (CRX841161)
46590586	DRR968406	DRX946041	DRP016783	rice ZH11 ems4611  database (PRJCA020505)	DRS632348	PRJDB38331	SAMD01757933	DRA026964	WGS	GENOMIC	PAIRED	ILLUMINA	HiSeq X Ten	4031612700	10.75	Oryza sativa	A1282 (CRX839452)
46590585	DRR969352	DRX946987	DRP016783	rice ZH11 ems4611  database (PRJCA020505)	DRS633294	PRJDB38331	SAMD01758879	DRA026964	WGS	GENOMIC	PAIRED	ILLUMINA	HiSeq X Ten	7598577600	20.26	Oryza sativa	A241 (CRX840398)
46589463	DRR969209	DRX946844	DRP016783	rice ZH11 ems4611  database (PRJCA020505)	DRS633151	PRJDB38331	SAMD01758736	DRA026964	WGS	GENOMIC	PAIRED	ILLUMINA	HiSeq X Ten	4434593368	11.83	Oryza sativa	A2269 (CRX840255)
46589462	DRR971723	DRX949358	DRP016783	rice ZH11 ems4611  database (PRJCA020505)	DRS635665	PRJDB38331	SAMD01761250	DRA026964	WGS	GENOMIC	PAIRED	ILLUMINA	HiSeq X Ten	3628691400	9.68	Oryza sativa	B2296 (CRX842769)
46589461	DRR971496	DRX949131	DRP016783	rice ZH11 ems4611  database (PRJCA020505)	DRS635438	PRJDB38331	SAMD01761023	DRA026964	WGS	GENOMIC	PAIRED	ILLUMINA	HiSeq X Ten	4286490000	11.43	Oryza sativa	B2055 (CRX842542)
46585073	DRR968863	DRX946498	DRP016783	rice ZH11 ems4611  database (PRJCA020505)	DRS632805	PRJDB38331	SAMD01758390	DRA026964	WGS	GENOMIC	PAIRED	ILLUMINA	HiSeq X Ten	4292697000	11.45	Oryza sativa	A186 (CRX839909)
46585072	DRR968551	DRX946186	DRP016783	rice ZH11 ems4611  database (PRJCA020505)	DRS632493	PRJDB38331	SAMD01758078	DRA026964	WGS	GENOMIC	PAIRED	ILLUMINA	HiSeq X Ten	3801779100	10.14	Oryza sativa	A146 (CRX839597)
46580333	DRR969616	DRX947251	DRP016783	rice ZH11 ems4611  database (PRJCA020505)	DRS633558	PRJDB38331	SAMD01759143	DRA026964	WGS	GENOMIC	PAIRED	ILLUMINA	HiSeq X Ten	4929874800	13.15	Oryza sativa	A2712 (CRX840662)
46580332	DRR968586	DRX946221	DRP016783	rice ZH11 ems4611  database (PRJCA020505)	DRS632528	PRJDB38331	SAMD01758113	DRA026964	WGS	GENOMIC	PAIRED	ILLUMINA	HiSeq X Ten	3984960300	10.63	Oryza sativa	A1509 (CRX839632)
46580331	DRR970118	DRX947753	DRP016783	rice ZH11 ems4611  database (PRJCA020505)	DRS634060	PRJDB38331	SAMD01759645	DRA026964	WGS	GENOMIC	PAIRED	ILLUMINA	HiSeq X Ten	4548744900	12.13	Oryza sativa	A41 (CRX841164)
46580072	DRR968201	DRX945836	DRP016783	rice ZH11 ems4611  database (PRJCA020505)	DRS632143	PRJDB38331	SAMD01757728	DRA026964	WGS	GENOMIC	PAIRED	ILLUMINA	HiSeq X Ten	5906599800	15.75	Oryza sativa	A1054 (CRX839247)
46580071	DRR970572	DRX948207	DRP016783	rice ZH11 ems4611  database (PRJCA020505)	DRS634514	PRJDB38331	SAMD01760099	DRA026964	WGS	GENOMIC	PAIRED	ILLUMINA	HiSeq X Ten	6447246900	17.19	Oryza sativa	B1008 (CRX841618)
46579608	DRR969679	DRX947314	DRP016783	rice ZH11 ems4611  database (PRJCA020505)	DRS633621	PRJDB38331	SAMD01759206	DRA026964	WGS	GENOMIC	PAIRED	ILLUMINA	HiSeq X Ten	4393981500	11.72	Oryza sativa	A27 (CRX840725)
46578667	DRR972292	DRX949927	DRP016783	rice ZH11 ems4611  database (PRJCA020505)	DRS636234	PRJDB38331	SAMD01761819	DRA026964	WGS	GENOMIC	PAIRED	ILLUMINA	HiSeq X Ten	6576329700	17.54	Oryza sativa	B313 (CRX843338)
46578666	DRR969317	DRX946952	DRP016783	rice ZH11 ems4611  database (PRJCA020505)	DRS633259	PRJDB38331	SAMD01758844	DRA026964	WGS	GENOMIC	PAIRED	ILLUMINA	HiSeq X Ten	4960874574	13.23	Oryza sativa	A2385 (CRX840363)
46578665	DRR971790	DRX949425	DRP016783	rice ZH11 ems4611  database (PRJCA020505)	DRS635732	PRJDB38331	SAMD01761317	DRA026964	WGS	GENOMIC	PAIRED	ILLUMINA	HiSeq X Ten	4438173300	11.84	Oryza sativa	B2409 (CRX842836)
46570384	DRR972499	DRX950134	DRP016783	rice ZH11 ems4611  database (PRJCA020505)	DRS636441	PRJDB38331	SAMD01762026	DRA026964	WGS	GENOMIC	PAIRED	ILLUMINA	HiSeq X Ten	4353571800	11.61	Oryza sativa	B545 (CRX843545)
46570383	DRR972312	DRX949947	DRP016783	rice ZH11 ems4611  database (PRJCA020505)	DRS636254	PRJDB38331	SAMD01761839	DRA026964	WGS	GENOMIC	PAIRED	ILLUMINA	HiSeq X Ten	8277213300	22.07	Oryza sativa	B334 (CRX843358)
46570382	DRR968851	DRX946486	DRP016783	rice ZH11 ems4611  database (PRJCA020505)	DRS632793	PRJDB38331	SAMD01758378	DRA026964	WGS	GENOMIC	PAIRED	ILLUMINA	HiSeq X Ten	6132083400	16.35	Oryza sativa	A1852 (CRX839897)
46558445	DRR971346	DRX948981	DRP016783	rice ZH11 ems4611  database (PRJCA020505)	DRS635288	PRJDB38331	SAMD01760873	DRA026964	WGS	GENOMIC	PAIRED	ILLUMINA	HiSeq X Ten	4712233200	12.57	Oryza sativa	B1904 (CRX842392)
46554044	DRR972387	DRX950022	DRP016783	rice ZH11 ems4611  database (PRJCA020505)	DRS636329	PRJDB38331	SAMD01761914	DRA026964	WGS	GENOMIC	PAIRED	ILLUMINA	HiSeq X Ten	3922466700	10.46	Oryza sativa	B423 (CRX843433)
46554043	DRR970380	DRX948015	DRP016783	rice ZH11 ems4611  database (PRJCA020505)	DRS634322	PRJDB38331	SAMD01759907	DRA026964	WGS	GENOMIC	PAIRED	ILLUMINA	HiSeq X Ten	3174714900	8.47	Oryza sativa	A772 (CRX841426)
46531703	DRR969375	DRX947010	DRP016783	rice ZH11 ems4611  database (PRJCA020505)	DRS633317	PRJDB38331	SAMD01758902	DRA026964	WGS	GENOMIC	PAIRED	ILLUMINA	HiSeq X Ten	4572105600	12.19	Oryza sativa	A2445 (CRX840421)
46531696	DRR969051	DRX946686	DRP016783	rice ZH11 ems4611  database (PRJCA020505)	DRS632993	PRJDB38331	SAMD01758578	DRA026964	WGS	GENOMIC	PAIRED	ILLUMINA	HiSeq X Ten	6173309400	16.46	Oryza sativa	A2094 (CRX840097)
46528624	DRR970362	DRX947997	DRP016783	rice ZH11 ems4611  database (PRJCA020505)	DRS634304	PRJDB38331	SAMD01759889	DRA026964	WGS	GENOMIC	PAIRED	ILLUMINA	HiSeq X Ten	4304415900	11.48	Oryza sativa	A74 (CRX841408)
46518446	DRR971833	DRX949468	DRP016783	rice ZH11 ems4611  database (PRJCA020505)	DRS635775	PRJDB38331	SAMD01761360	DRA026964	WGS	GENOMIC	PAIRED	ILLUMINA	HiSeq X Ten	3943543800	10.52	Oryza sativa	B2469 (CRX842879)
46501832	DRR968849	DRX946484	DRP016783	rice ZH11 ems4611  database (PRJCA020505)	DRS632791	PRJDB38331	SAMD01758376	DRA026964	WGS	GENOMIC	PAIRED	ILLUMINA	HiSeq X Ten	5769425100	15.39	Oryza sativa	A184 (CRX839895)
46496173	DRR969070	DRX946705	DRP016783	rice ZH11 ems4611  database (PRJCA020505)	DRS633012	PRJDB38331	SAMD01758597	DRA026964	WGS	GENOMIC	PAIRED	ILLUMINA	HiSeq X Ten	4747006500	12.66	Oryza sativa	A2112 (CRX840116)
46491564	DRR971930	DRX949565	DRP016783	rice ZH11 ems4611  database (PRJCA020505)	DRS635872	PRJDB38331	SAMD01761457	DRA026964	WGS	GENOMIC	PAIRED	ILLUMINA	HiSeq X Ten	4827432600	12.87	Oryza sativa	B2580 (CRX842976)
46477076	DRR971174	DRX948809	DRP016783	rice ZH11 ems4611  database (PRJCA020505)	DRS635116	PRJDB38331	SAMD01760701	DRA026964	WGS	GENOMIC	PAIRED	ILLUMINA	HiSeq X Ten	4963594500	13.24	Oryza sativa	B1733 (CRX842220)
46475527	DRR971900	DRX949535	DRP016783	rice ZH11 ems4611  database (PRJCA020505)	DRS635842	PRJDB38331	SAMD01761427	DRA026964	WGS	GENOMIC	PAIRED	ILLUMINA	HiSeq X Ten	4269018600	11.38	Oryza sativa	B2544 (CRX842946)
46474221	DRR972305	DRX949940	DRP016783	rice ZH11 ems4611  database (PRJCA020505)	DRS636247	PRJDB38331	SAMD01761832	DRA026964	WGS	GENOMIC	PAIRED	ILLUMINA	HiSeq X Ten	5172609900	13.79	Oryza sativa	B325 (CRX843351)
46474220	DRR972187	DRX949822	DRP016783	rice ZH11 ems4611  database (PRJCA020505)	DRS636129	PRJDB38331	SAMD01761714	DRA026964	WGS	GENOMIC	PAIRED	ILLUMINA	HiSeq X Ten	4642670100	12.38	Oryza sativa	B2864 (CRX843233)
46466910	DRR970688	DRX948323	DRP016783	rice ZH11 ems4611  database (PRJCA020505)	DRS634630	PRJDB38331	SAMD01760215	DRA026964	WGS	GENOMIC	PAIRED	ILLUMINA	HiSeq X Ten	4705871700	12.55	Oryza sativa	B1154 (CRX841734)
46457318	DRR970645	DRX948280	DRP016783	rice ZH11 ems4611  database (PRJCA020505)	DRS634587	PRJDB38331	SAMD01760172	DRA026964	WGS	GENOMIC	PAIRED	ILLUMINA	HiSeq X Ten	5872251600	15.66	Oryza sativa	B1102 (CRX841691)
46451923	SRR40392224	SRX34998391	SRP731338	WAK22Os02g0808100RNA-seq	SRS30517407	PRJNA1520097	SAMN62758426	SRA2526057	WGS	GENOMIC	PAIRED	ILLUMINA	Illumina NovaSeq 6000	5567356410	14.85	Oryza sativa	Oryza sativa DNA sample: X320
46451922	SRR40392225	SRX34998390	SRP731338	WAK22Os02g0808100RNA-seq	SRS30517406	PRJNA1520097	SAMN62758425	SRA2526057	WGS	GENOMIC	PAIRED	ILLUMINA	Illumina NovaSeq 6000	5835718744	15.56	Oryza sativa	Oryza sativa DNA sample: X319
46451921	SRR40392226	SRX34998389	SRP731338	WAK22Os02g0808100RNA-seq	SRS30517405	PRJNA1520097	SAMN62758424	SRA2526057	WGS	GENOMIC	PAIRED	ILLUMINA	Illumina NovaSeq 6000	6007522316	16.02	Oryza sativa	Oryza sativa DNA sample: X308
46451920	SRR40392227	SRX34998388	SRP731338	WAK22Os02g0808100RNA-seq	SRS30517404	PRJNA1520097	SAMN62758423	SRA2526057	WGS	GENOMIC	PAIRED	ILLUMINA	Illumina NovaSeq 6000	5708153038	15.22	Oryza sativa	Oryza sativa DNA sample: X307
46451919	SRR40392228	SRX34998387	SRP731338	WAK22Os02g0808100RNA-seq	SRS30517403	PRJNA1520097	SAMN62758422	SRA2526057	WGS	GENOMIC	PAIRED	ILLUMINA	Illumina NovaSeq 6000	5915070150	15.77	Oryza sativa	Oryza sativa DNA sample: X305
46451918	SRR40392229	SRX34998386	SRP731338	WAK22Os02g0808100RNA-seq	SRS30517402	PRJNA1520097	SAMN62758421	SRA2526057	WGS	GENOMIC	PAIRED	ILLUMINA	Illumina NovaSeq 6000	6179111770	16.48	Oryza sativa	Oryza sativa DNA sample: X304
46448975	DRR969776	DRX947411	DRP016783	rice ZH11 ems4611  database (PRJCA020505)	DRS633718	PRJDB38331	SAMD01759303	DRA026964	WGS	GENOMIC	PAIRED	ILLUMINA	HiSeq X Ten	3228780900	8.61	Oryza sativa	A28 (CRX840822)
46448379	DRR969475	DRX947110	DRP016783	rice ZH11 ems4611  database (PRJCA020505)	DRS633417	PRJDB38331	SAMD01759002	DRA026964	WGS	GENOMIC	PAIRED	ILLUMINA	HiSeq X Ten	5414522400	14.44	Oryza sativa	A2557 (CRX840521)
46435218	DRR970529	DRX948164	DRP016783	rice ZH11 ems4611  database (PRJCA020505)	DRS634471	PRJDB38331	SAMD01760056	DRA026964	WGS	GENOMIC	PAIRED	ILLUMINA	HiSeq X Ten	4690633500	12.51	Oryza sativa	A966 (CRX841575)
46434181	DRR971239	DRX948874	DRP016783	rice ZH11 ems4611  database (PRJCA020505)	DRS635181	PRJDB38331	SAMD01760766	DRA026964	WGS	GENOMIC	PAIRED	ILLUMINA	HiSeq X Ten	4400097600	11.73	Oryza sativa	B1797 (CRX842285)
46434180	DRR968788	DRX946423	DRP016783	rice ZH11 ems4611  database (PRJCA020505)	DRS632730	PRJDB38331	SAMD01758315	DRA026964	WGS	GENOMIC	PAIRED	ILLUMINA	HiSeq X Ten	5343282300	14.25	Oryza sativa	A1770 (CRX839834)
